codigo;loja;nome;N Fantasia;endereco;complemento;bairro;uf;codigo_municipio;municipio;cep;pais;cnpj_cpf;ins_estadual;latitude;longitude;vendedor
2;25;ATACADAO S.A;ATAC BARROS REIS;AV BARROS REIS 1579;;CABULA;BA;27408;SALVADOR;40310-010;105;75.315.333/0016-95;57746966;;;NIXON
2;26;ATACADAO S.A;ATAC LAURO FREITAS;AV SANTOS DUMONT SN;;LAURO DE FREITAS;BA;19207;LAURO DE FREITAS;42700-000;105;75.315.333/0052-59;64111216;;;NIXON
2;27;ATACADAO S.A;ATAC CAJAZEIRAS;R COQUEIRO GRANDE 614;;CAJAZEIRAS;BA;27408;SALVADOR;41342-840;105;75.315.333/0058-44;69287831;;;NIXON
2;28;ATACADAO S.A;ATAC FEIRA SANTANA;AV EDUARDO FROES DA MOTA 5500;;MORADA DAS ARVORES;BA;10800;FEIRA DE SANTANA;44021-210;105;75.315.333/0066-54;76229052;;;NIXON
2;30;ATACADAO S.A;ATAC JUAZEIRO BA;ROD BR 407 KM 06 AREA 01 A SN;;ZONA URBANA;BA;18407;JUAZEIRO;48900-000;105;75.315.333/0073-83;77552288;;;NIXON
2;31;ATACADAO S.A;ATAC EUNAPOLIS;AV ANTONIO CARLOS MAGALHAES SN;;RECANTO DAS ARVORES;BA;10727;EUNAPOLIS;45825-580;105;75.315.333/0093-27;82440840;;;NIXON
2;38;ATACADAO S.A;ATAC CAMACARI;V PARAFUSO (ANTIGA BA-535);;POLO PETROQUIMICO;BA;5701;CAMACARI;42810-200;105;75.315.333/0165-36;117480207;;;NIXON
2;51;ATACADAO S.A.;ATAC PETROLINA;AV DR. ULYSSES GUIMARAES SN;QUADRA142 LOTES 120/183;JARDIM AMAZONAS;PE;11101;PETROLINA;56318-525;105;75.315.333/0244-74;83831037;;;ANTONIO
2;70;ATACADAO S.A.;ATACADAO SUBAE;AV DEPUTADO LUIS EDUARDO MAGALHAES SN;;SUBAE;BA;10800;FEIRA DE SANTANA;44079-002;105;75.315.333/0191-28;133.521.087;;;NIXON
2;71;ATACADAO S.A.;ATACADAO KM 25;AV ENGENHEIRO WALTER ARAGAO DE SOUZA 473;;KM 25;BA;30709;SIMOES FILHO;43700-000;105;75.315.333/0225-01;149.788.599;;;NIXON
2;72;ATACADAO S.A.;ATACADAO BROTAS;AV MARIO LEAL FERREIRA 500;;BROTAS;BA;27408;SALVADOR;40285-600;105;75.315.333/0252-84;163.465.702;;;NIXON
2;73;ATACADAO S.A.;ATACADAO CAMINHO DAS ARVORES;AV TANCREDO NEVES 3413;LOJA;CAMINHO DAS ARVORES;BA;27408;SALVADOR;41820-021;105;75.315.333/0301-05;174.476.636;;;NIXON
2;75;ATACADAO S.A.;ATACADAO PARQUE BELA VISTA;AV ANTONIO CARLOS MAGALHAES SN;;PARQUE BELA VISTA;BA;27408;SALVADOR;40280-000;105;75.315.333/0313-30;180.594.779;;;NIXON
2;76;ATACADAO S.A.;ATACADAO  CANABRAVA;R ART MIO CASTRO VALENTE 1;;CANABRAVA;BA;27408;SALVADOR;41260-300;105;75.315.333/0311-79;180.594.661;;;NIXON
2;77;ATACADAO S.A.;ATACADAO MATA ESCURA;AV CARDEAL AVELAR BRANDAO VILLELA 000279;;MATA ESCURA;BA;27408;SALVADOR;41219-600;105;75.315.333/0342-75;207120099;;;NIXON
4;42;BOMPRECO SUPERMERCADOS DO NORDESTE LTDA;CARREFOUR ATRAS DA BANCA;R SAO VICENTE DE PAULA 219;;ATRAS DA BANCA;PE;11101;PETROLINA;56308-050;105;13.004.510/0256-88;0141835-10;;;VINICIUS
11;21;COMPANHIA BRASILEIRA DE DISTRIBUICAO;CBD VASCO;VASCO DA GAMA 828 0;;FEDERACAO;BA;27408;SALVADOR;40230-731;105;47.508.411/0193-37;56308648;;;RICARDO
11;22;COMPANHIA BRASILEIRA DE DISTRIBUICAO;CBD CIDADE NOVA;AVN ACM SN;;CIDADE NOVA;BA;27408;SALVADOR;40315-340;105;47.508.411/0446-09;22420046;;;RICARDO
11;24;COMPANHIA BRASILEIRA DE DISTRIBUICAO;CBD PARALELA;AV GOVERNADOR LUIZ VIANA BFILHO 3056;;PARALELA;BA;27408;SALVADOR;40301-155;105;47.508.411/0892-03;42601557;;;RICARDO
11;31;COMPANHIA BRASILEIRA DE DISTRIBUICAO;CBD-CAMINHO DAS ARVO;AVENIDA TANCREDO NEVES N 148;;CAMINHO DAS ARVORES;BA;27408;SALVADOR;41820-908;105;47.508.411/2551-46;131800575;;;RICARDO
11;33;COMPANHIA BRASILEIRA DE DISTRIBUICAO;CBD - COSTA AZUL;R ARTHUR DE AZEVEDO MACHADO, S/N;LOTE 60 61 62;COSTA AZUL;BA;27408;SALVADOR;41760-000;105;47.508.411/2588-38;143288374;;;RICARDO
47;5;WALMART BRASIL LTDA;SAMS PITUBA;AV ANTONIO CARLOS MAGALHAES 3410;;PITUBA;BA;27408;SALVADOR;41810-150;105;00.063.960/0048-64;68090489;;;VINICIUS
47;7;WMB SUPERMERCADOS DO BRASIL LTDA.;SAMS ARACAJU;AV DEP SILVIO TEIXEIRA, 870;;JARDINS;SE;308;ARACAJU;49025-100;105;00.063.960/0561-55;27165570-4;;;VINICIUS
47;9;WMB SUPERMERCADOS DO BRASIL LTDA;SAMS LAURO DE FREITAS;AV SANTOS DUMONT 7552;;BURAQUINHO;BA;19207;LAURO DE FREITAS;42710-860;105;00.063.960/0578-01;198087309;;;VINICIUS
47;10;WMB SUPERMERCADOS DO BRASIL LTDA;SAMS COSME DE FARIAS;AV MARIO LEAL FERREIRA 000780;;COSME DE FARIAS;BA;27408;SALVADOR;40252-390;105;00.063.960/0574-70;187.549.772;;;VINICIUS
47;12;WMB SUPERMERCADOS DO BRASIL LTDA.;SAMS FEIRA DE SANTANA;RUA CORONEL JOSE PINTO DOS SANTOS S/N;S/N;SAO JOAO;BA;10800;FEIRA DE SANTANA;44051-568;105;00.063.960/0600-04;213.090.131;;;VINICIUS
48;7;WMS SUPERMERCADOS DO BRASIL LTDA;MAXXI LAURO;AV SANTOS DUMONT KM 3 E5 3423;;CENTRO;BA;19207;LAURO DE FREITAS;42700-000;105;93.209.765/0304-58;76895315;;;NIXON
48;8;WMS SUPERMERCADOS DO BRASIL LTDA;ATAC MARES;AV COMENDADOR BASTOS SN;;MARES;BA;27408;SALVADOR;40445-211;105;93.209.765/0315-00;77998249;;;NIXON
48;17;WMS SUPERMERCADOS DO BRASIL LTDA.;ATAC CAMACARI CENTRO;AV DEPUTADO LUIS EDUARDO MAGALHAES;;CENTRO;BA;5701;CAMACARI;42800-071;105;93.209.765/0500-50;166.374.042;;;NIXON
48;20;WMS SUPERMERCADOS DO BRASIL LTDA.;ATAC CABULA;R SILVEIRA MARTINS 2233;OUTROS LOJA;CABULA;BA;27408;SALVADOR;41150-000;105;93.209.765/0529-31;198308960;;;NIXON
48;26;WMS SUPERMERCADOS DO BRASIL LTDA.;ATACADAO;RODOVIA BA 535  VIA PARAFUSO S/N;;INDUSTRIAL;BA;5701;CAMACARI;42800-937;105;93.209.765/0550-19;211956538;;;NIXON
48;35;WMS SUPERMERCADOS DO BRASIL LTDA.;ATAC CANABRAVA;RUA ARTEMIO CASTRO VALENTE 000396;;CANABRAVA;BA;27408;SALVADOR;41260-300;105;93.209.765/0560-90;211958914;;;NIXON
69;3;PERINI COMERCIAL DE ALIMENTOS LTDA;PERINI VASCO DA GAMA;AVENIDA VASCO DA GAMA 3051;;FEDERACAO;BA;27408;SALVADOR;40230-731;105;11.965.515/0003-04;88290698;;;VINICIUS
69;4;PERINI COMERCIAL DE ALIMENTOS LTDA;PERINI GRACA;AVENIDA PRINCESA LEOPOLDINA 398;;GRACA;BA;27408;SALVADOR;40150-080;105;11.965.515/0008-19;88293217;;;VINICIUS
69;5;PERINI COMERCIAL DE ALIMENTOS LTDA;PERINI PITUBA;RUA MARANHAO 64;;PITUBA;BA;27408;SALVADOR;41830-260;105;11.965.515/0009-08;88293659;;;VINICIUS
82;8;CENCOSUD BRASIL COMERCIAL SA;GBARBOSA 029 BROTAS;AV ANTONIO CARLOS MAGALHAES, 4479;;BROTAS;BA;27408;SALVADOR;40280-000;105;39.346.861/0059-88;56.625.880;;;VINICIUS
82;9;CENCOSUD BRASIL COMERCIAL SA;GBARBOSA 035 COSTA AZUL;RUA ARTHUR AZEVEDO MACHADO 3443;;COSTA AZUL;BA;27408;SALVADOR;41760-000;105;39.346.861/0078-40;68.833.574;;;VINICIUS
82;10;CENCOSUD BRASIL COMERCIAL SA;GBARBOSA-088 - SAN MARTIN;AV SAO MARTINS SN;;SAN MARTIN;BA;27408;SALVADOR;40355-015;105;39.346.861/0119-53;77.079.509;;;VINICIUS
82;11;CENCOSUD BRASIL COMERCIAL SA;GBARBOSA 108 LAURO DE FREITAS;AV LUIS TARQUINIO 1686;;CENTRO;BA;19207;LAURO DE FREITAS;42700-000;105;39.346.861/0143-83;87892394;;;VINICIUS
82;12;CENCOSUD BRASIL COMERCIAL SA;GBARBOSA PAU DA LIMA;RUA JAYME VIEIRA LIMA, S/N;;PAU LIMA;BA;27408;SALVADOR;41235-000;105;39.346.861/0444-52;108.955.192;;;VINICIUS
82;15;CENCOSUD BRASIL COMERCIAL SA;GBARBOSA 015 FEIRA DE SANTANA;RUA VASCO FILHO S/N;;CENTRO;BA;10800;FEIRA DE SANTANA;44025-290;105;39.346.861/0048-25;56.626.465;;;VINICIUS
82;16;CENCOSUD BRASIL COMERCIAL SA;GBARBOSA 016 FEIRA DE SANTANA;RUA BARAO DE COTEGIPE, 1106;;CENTRO;BA;10800;FEIRA DE SANTANA;44025-030;105;39.346.861/0070-93;65.936.960;;;VINICIUS
82;17;CENCOSUD BRASIL COMERCIAL SA;GBARBOSA 017 FEIRA DE SANTANA;RUA MARECHAL DEODORO,245;;CENTRO;BA;10800;FEIRA DE SANTANA;44010-250;105;39.346.861/0047-44;56.626.357;;;VINICIUS
82;18;CENCOSUD BRASIL COMERCIAL SA;GBARBOSA 018 ESPLANADA;PRACA.LADISLAU CAVALCANTE,18;;CENTRO;BA;10602;ESPLANADA;48370-000;105;39.346.861/0045-82;56.626.573;;;VINICIUS
82;19;CENCOSUD BRASIL COMERCIAL SA;GBARBOSA 029 CIDADE NOVA;AV.EDUARDO FROES DA MOTA,6281;;CIDADE NOVA;BA;10800;FEIRA DE SANTANA;44030-730;105;39.346.861/0091-18;73.286.576;;;VINICIUS
82;20;CENCOSUD BRASIL COMERCIAL SA;GBARBOSA 032 RIBEIRA DO POMBAL;AV.EVENCIA BRITO S/N;;CENTRO;BA;26608;RIBEIRA DO POMBAL;48400-000;105;39.346.861/0055-54;56.626.799;;;VINICIUS
82;21;CENCOSUD BRASIL COMERCIAL SA;GBARBOSA 036 PAULO AFONSO;AV.APOLONIO SALE;;CENTRO;BA;24009;PAULO AFONSO;48608-100;105;39.346.861/0061-00;56.627.266;;;VINICIUS
82;22;CENCOSUD BRASIL COMERCIAL SA;GBARBOSA 037 ALAGOINHAS;RUA DR.DANTAS BIAO S/N;;CENTRO;BA;702;ALAGOINHAS;48000-000;105;39.346.861/0056-35;56.627.266;;;VINICIUS
82;23;CENCOSUD BRASIL COMERCIAL SA;GBARBOSA 038 ALAGOINHAS;PRACA DA BANDEIRA 01;;CENTRO;BA;702;ALAGOINHAS;48005-170;105;39.346.861/0052-01;56.626.807;;;VINICIUS
82;24;CENCOSUD BRASIL COMERCIAL SA;GBARBOSA 039 ALAGOINHAS;PRACA PADRE ALFREDO,86;;CENTRO;BA;702;ALAGOINHAS;48050-010;105;39.346.861/0051-20;56.626.681;;;VINICIUS
82;25;CENCOSUD BRASIL COMERCIAL SA;GBARBOSA 074 SOBRADINHO;R.DR ARIOVALDO DE CARVALHO 780;;SOBRADINHO;BA;10800;FEIRA DE SANTANA;44020-010;105;39.346.861/0111-04;77.013.096;;;VINICIUS
82;26;CENCOSUD BRASIL COMERCIAL SA;GBARBOSA 076 TOMBA;RUA COMENDADOR GOMES S/N;;TOMBA;BA;10800;FEIRA DE SANTANA;44064-000;105;39.346.861/0113-68;77.013.310;;;VINICIUS
82;27;CENCOSUD BRASIL COMERCIAL SA;GBARBOSA 102 F GRANDE;RUA MELLO MORAES 475;;F. GRANDE;BA;27408;SALVADOR;40352-000;105;39.346.861/0125-00;77.594.552;;;VINICIUS
82;28;CENCOSUD BRASIL COMERCIAL SA;GBARBOSA 104 VALENCA;AV.INDL MARITA ALMEIDA S/N;;CENTRO;BA;32903;VALENCA;45400-000;105;39.346.861/0136-54;84.248.482;;;VINICIUS
82;29;CENCOSUD BRASIL COMERCIAL SA;GBARBOSA 106 BROTAS;FREDERICA COSTA 534;;BROTAS;BA;27408;SALVADOR;40243-045;105;39.346.861/0138-16;84.605.683;;;VINICIUS
82;30;CENCOSUD BRASIL COMERCIAL SA;GBARBOSA 112 VITORIA DA CONQUISTA;AV.OLIVIA FLORES S/N;;CANDEIAS;BA;33307;VITORIA DA CONQUISTA;45028-100;105;39.346.861/0144-64;87.989.892;;;VINICIUS
82;31;CENCOSUD BRASIL COMERCIAL SA;GBARBOSA 121 PIRAJA;RUA OITO DE NOVEMBRO 06;;PIRAJA;BA;27408;SALVADOR;41290-200;105;39.346.861/0424-09;105.405.861;;;VINICIUS
82;32;CENCOSUD BRASIL COMERCIAL SA;GBARBOSA-123-BROTAS;VALE DO OGUNJA 304;;BROTAS;BA;27408;SALVADOR;40290-500;105;39.346.861/0193-42;81.846.878;;;VINICIUS
82;33;CENCOSUD BRASIL COMERCIAL SA;GBARBOSA-125-JUAZEIRO SANTO ANTONIO;RUA PRINCESA ISABEL;;SANTO ANTONIO;BA;18407;JUAZEIRO;48903-130;105;39.346.861/0182-90;81.359.536;;;VINICIUS
82;34;CENCOSUD BRASIL COMERCIAL SA;GBARBOSA-127-PETROLINA;AV.DOS TROPEIROS N 10;;PEDRO RAIMUNDO;PE;11101;PETROLINA;56316-140;105;39.346.861/0179-94;42.381.509;;;ANTONIO
82;35;CENCOSUD BRASIL COMERCIAL SA;GBARBOSA-129-JUAZEIRO;TRAVESSA MARAVILHA 418;;CENTRO;BA;18407;JUAZEIRO;48904-140;105;39.346.861/0184-51;81.359.978;;;ANTONIO
82;36;CENCOSUD BRASIL COMERCIAL SA;GBARBOSA-131-PETROLINA;RUA DA INTEGRACAO 583;;vila eduardo;PE;11101;PETROLINA;56328-010;105;39.346.861/0178-03;42.381.762;;;ANTONIO
82;37;CENCOSUD BRASIL COMERCIAL SA;GBARBOSA-133 -JUAZEIRO CENTRO;TRAVESSA MATATU S/N;;CENTRO;BA;18407;JUAZEIRO;48904-570;105;39.346.861/0194-23;11.731.665;;;ANTONIO
82;38;CENCOSUD BRASIL COMERCIAL SA;GBARBOSA-137-JUAZEIRO;RUA PADRE ANCHIETA;;centro;BA;18407;JUAZEIRO;45998-002;105;39.346.861/0197-76;19.675.174;;;ANTONIO
82;39;CENCOSUD BRASIL COMERCIAL SA;GBARBOSA-139-VITORIA DA CONQUISTA;AV.JURACI MAGALHAES 3340;;centro;BA;33307;VITORIA DA CONQUISTA;45023-490;105;39.346.861/0196-95;19.674.265;;;VINICIUS
82;40;CENCOSUD BRASIL COMERCIAL SA;GBARBOSA-143 - FEIRA DE SANTANA;AV GOV JOAO DE CARNEIRO 970;;n.brasilia;BA;10800;FEIRA DE SANTANA;44088-031;105;39.346.861/0206-00;12.598.212;;;VINICIUS
82;41;CENCOSUD BRASIL COMERCIAL SA;GBARBOSA-144 - FEIRA DE SANTANA;AV GETULIO VARGAS 523;;CENTRO;BA;10800;FEIRA DE SANTANA;44001-525;105;39.346.861/0207-82;12.598.320;;;VINICIUS
82;42;CENCOSUD BRASIL COMERCIAL SA;GBARBOSA-145 - FEIRA DE SANTANA;AV JOSE FALCAO DA SILVA 150;;QUEIMADINHA;BA;10800;FEIRA DE SANTANA;44050-512;105;39.346.861/0208-63;12.598.654;;;VINICIUS
82;43;CENCOSUD BRASIL COMERCIAL SA;GBARBOSA-151 - ILHEUS;AV LOMANTO JUNIOR 786;;CENTRO;BA;13606;ILHEUS;45654-000;105;39.346.861/0211-69;12.808.263;;;VINICIUS
82;44;CENCOSUD BRASIL COMERCIAL SA;GBARBOSA-154 - JEQUIEZINHA;AV CESAR BORGES 212 ANEXO 01;;JEQUIEZINHA;BA;18001;JEQUIE;45200-970;105;39.346.861/0261-28;13.504.656;;;VINICIUS
82;45;CENCOSUD BRASIL COMERCIAL SA;GBARBOSA-156 -JEQUIE;PRACA DA BANDEIRA S/N;;CENTRO;BA;18001;JEQUIE;45200-310;105;39.346.861/0263-90;13.504.872;;;VINICIUS
82;46;CENCOSUD BRASIL COMERCIAL SA;GBARBOSA-158-JEQUIE;RUA FRANCISCO AMEIRA;;CENTRO;BA;18001;JEQUIE;45200-090;105;39.346.861/0265-51;13.505.231;;;VINICIUS
82;47;CENCOSUD BRASIL COMERCIAL SA;GBARBOSA-272- CABULA;RUA ESTRADA DAS BARREIRAS N°992;;CABULA;BA;27408;SALVADOR;41185-500;105;39.346.861/0429-13;105.585.178;;;VINICIUS
82;48;CENCOSUD BRASIL COMERCIAL SA;GBARBOSA-274-GUARAJUBA;RODOVIA BA 099,KM 42 S/N;;GUARAJUBA;BA;5701;CAMACARI;42827-000;105;39.346.861/0415-18;103.870.056;;;VINICIUS
82;49;CENCOSUD BRASIL COMERCIAL SA;GBARBOSA-302 - HORTO BELA VISTA;ALAMEDA EUVALDO LUZ N92;;HORTO BELA VISTA;BA;27408;SALVADOR;41098-020;105;39.346.861/0432-19;105.678.580;;;VINICIUS
82;50;CENCOSUD BRASIL COMERCIAL SA;GBARBOSA-306  - PAULO AFONSO;AV JOSE HEMETERIO DE CARVALHO;;PAULO AFONSO;BA;24009;PAULO AFONSO;48601-320;105;39.346.861/0427-51;105.528.487;;;VINICIUS
82;51;CENCOSUD BRASIL COMERCIAL SA;GBARBOSA-315-SERRINHA;RUA LAURO MOTA, SN;;GINASIO;BA;30501;SERRINHA;48700-000;105;39.346.861/0446-14;109277725;;;VINICIUS
82;53;CENCOSUD BRASIL COMERCIAL S.A.;G. BARBOSA  - RIO MAR;AV LUIZ LUA GONZAGA 400;;COROA DO MEIO;SE;308;ARACAJU;49035-500;105;39.346.861/0116-00;27.122.169-0;;;VINICIUS
82;54;CENCOSUD BRASIL COMERCIAL S.A.;G BARBOSA ARACAJU I;AV ALEXANDRO ALCINO 2155;;SANTA MARIA;SE;308;ARACAJU;49044-090;105;39.346.861/0118-72;27.122.117-8;;;VINICIUS
82;55;CENCOSUD BRASIL COMERCIAL S.A.;G BARBOSA HIPER NORTE;AV OSVALDO ARANHA 1240;;J. C. DE ARAUJO;SE;308;ARACAJU;49085-410;105;39.346.861/0023-77;27.105.260-0;;;VINICIUS
82;56;CENCOSUD BRASIL COMERCIAL S.A.;G BARBOSA CJ ORLANDO DANTAS;AV FRANCISCO JOSE FONSECA 1337;;CJ. ORLANDO DANTAS;SE;308;ARACAJU;49042-000;105;39.346.861/0022-96;27.105.237-6;;;VINICIUS
82;57;CENCOSUD BRASIL COMERCIAL S.A.;G. BARBOSA ARACAJU II;AV AUGUSTO FRANCO 3280;;PONTO NOVO;SE;308;ARACAJU;49047-040;105;39.346.861/0016-48;27.105.252-0;;;VINICIUS
82;58;CENCOSUD BRASIL COMERCIAL S.A.;G BARBOSA  CJ. AUGUSTO FRANCO;AV HERACLITO ROLLEMBERG 2676;;CJ. AUGUSTO FRANCO;SE;308;ARACAJU;49030-640;105;39.346.861/0044-00;27.105.251-1;;;VINICIUS
82;59;CENCOSUD BRASIL COMERCIAL S.A.;G. BARBOSA SANTOS DUMONT;R MAJOR AURELIANO 305;;SANTOS DUMONT;SE;308;ARACAJU;49087-400;105;39.346.861/0017-29;27.105.246-5;;;VINICIUS
82;60;CENCOSUD BRASIL COMERCIAL S.A.;G. BARBOSA  SANTO ANTONIO;R MURIBECA 310;;SANTO ANTONIO;SE;308;ARACAJU;49060-470;105;39.346.861/0035-00;27.105.244-9;;;VINICIUS
82;61;CENCOSUD BRASIL COMERCIAL S.A.;G. BARBOSA FRANCISCO PORTO;AV FRANCISCO PORTO 250;LOJA 20;SALGADO FILHO;SE;308;ARACAJU;49020-120;105;39.346.861/0033-49;27.105.245-7;;;VINICIUS
82;62;CENCOSUD BRASIL COMERCIAL S.A.;G. BARBOSA  CENTRO;AV COELHO E CAMPOS 215;;CENTRO;SE;308;ARACAJU;49010-720;105;39.346.861/0034-20;27.105.249-0;;;VINICIUS
82;63;CENCOSUD BRASIL COMERCIAL S.A;G. BARBOSA J. C. DE ARAUJO;AV OSVALDO ARANHA 1240;;J. C. DE ARAUJO;SE;308;ARACAJU;49085-410;105;39.346.861/0023-77;27.105.260-0;;;VINICIUS
82;64;CENCOSUD BRASIL COMERCIAL S.A;G BARBOSA FAROLANDIA;AV JOSE THOMAZ D AVILA NABUCO 945;;FAROLANDIA;SE;308;ARACAJU;49030-270;105;39.346.861/0103-96;27.121.526-7;;;VINICIUS
82;65;CENCOSUD BRASIL COMERCIAL S.A.;GBARBOSA ATALAIA VELHA;R LUIZ CHAGAS 55;;ATALAIA VELHA;SE;308;ARACAJU;49037-430;105;39.346.861/0037-72;27.105.247-3;;;VINICIUS
82;66;CENCOSUD BRASIL COMERCIAL S.A.;GBARBOSA SAO JOSE;R GONCALO R. DO PRADO 142;;SAO JOSE;SE;308;ARACAJU;49010-410;105;39.346.861/0038-53;27.105.238-4;;;VINICIUS
82;67;CENCOSUD BRASIL COMERCIAL S.A.;GBARBOSA CENTRO;R JOSE DO PRADO FRANCO 148;;CENTRO;SE;308;ARACAJU;49010-110;105;39.346.861/0039-34;27.105.235-0;;;VINICIUS
82;68;CENCOSUD BRASIL COMERCIAL S.A;GBARBOSA JARDINS;AV DEP SILVIO TEIXEIRA 831;;JARDINS;SE;308;ARACAJU;49025-100;105;39.346.861/0040-78;27.105.239-2;;;VINICIUS
82;69;CENCOSUD BRASIL COMERCIAL S.A.;GBARBOSA SIQUEIRA CAMPOS;R CARLOS CORREIA 453;LOJA 05;SIQUEIRA CAMPOS;SE;308;ARACAJU;49075-160;105;39.346.861/0036-91;27.105.240-6;;;VINICIUS
82;70;CENCOSUD BRASIL COMERCIAL S.A.;GBARBOSA HIPER SUL;AV MELICIO MACHADO 1060;;ATALAIA;SE;308;ARACAJU;49037-445;105;39.346.861/0072-55;27.112.394-0;;;VINICIUS
82;71;CENCOSUD BRASIL COMERCIAL S.A.;GBARBOSA CONJ BUGIO;AV POCO DO MERO 285;;CONJUNTO BUGIO;SE;308;ARACAJU;49090-000;105;39.346.861/0042-30;271052481;;;VINICIUS
82;72;CENCOSUD BRASIL COMERCIAL S.A.;GBARBOSA BARRA DOS COQUEIROS;AV OCEANICA 1025;;CENTRO;SE;605;BARRA DOS COQUEIROS;49140-970;105;39.346.861/0377-58;271381850;;;VINICIUS
82;73;CENCOSUD BRASIL COMERCIAL S.A.;GBARBOSA LUZIA;R MINISTRO NELSON HUNGRIA 155;;LUZIA;SE;308;ARACAJU;49045-510;105;39.346.861/0451-81;271491647;;;VINICIUS
82;74;CENCOSUD BRASIL COMERCIAL S.A.;GBARBOSA  SAO CRISTOVAO;AVENIDA AYRTON SENNA S/N;;CONJ. ROSA MARIA;SE;6701;SAO CRISTOVAO;49100-000;105;39.346.861/0043-10;27.105.258-9;;;VINICIUS
82;82;CENCOSUD BRASIL COMERCIAL S.A.;GBARBOSA CONJ. MARCOS FREIRE I;AVENIDA COLETORA A S/N;;CONJ. MARCOS FREIRE I;SE;4805;NOSSA SENHORA DO SOCORRO;49160-000;105;39.346.861/0148-98;271311479;;;VINICIUS
82;84;CENCOSUD BRASIL COMERCIAL S.A.;GBARBOSA CD SERGIPE;RODOVIA BR 235 S/N;KM 04 ANEXO I;SOBRADO;SE;4805;NOSSA SENHORA DO SOCORRO;49158-622;105;39.346.861/0001-61;271052104;;;VINICIUS
82;85;CENCOSUD BRASIL COMERCIAL S.A.;GBARBOSA CD BAHIA;RODOVIA BA 093 4120;PALMARES;PALMARES;BA;30709;SIMOES FILHO;43700-000;105;39.346.861/0364-33;100.082.388;;;VINICIUS
82;86;CENCOSUD BRASIL COMERCIAL LTDA.;GBARBOSA CAMACARI;VIA DE LIGACAO CAMACARI S/N;;POLO PETROQUIMICO;BA;5701;CAMACARI;42810-260;105;39.346.861/0379-10;102.946.189;;;VINICIUS
82;87;CENCOSUD BRASIL COMERCIAL LTDA.;CENCOSUD CD SERGIPE 2;RODOVIA BR 235 S/N;;SOBRADO;SE;4805;NOSSA SENHORA DO SOCORRO;49158-622;105;39.346.861/0527-14;27.207.487-0;;;VINICIUS
186;1;RMIX COMERC DE GENEROS ALIMENTICIOS LTDA;RMIX PITUBA- PITUBINHA;RUA ARTUR GOMES DE CARVALHO 246;;PITUBA;BA;27408;SALVADOR;41810-640;105;06.337.087/0002-54;83816004;;;VINICIUS
186;2;RMIX COMERCIO DE GENEROS ALIMENTICIOS LT;RMIX IMBUI;AV JORGE AMADO 980;;IMBUI;BA;27408;SALVADOR;41720-040;105;06.337.087/0003-35;80826204;;;VINICIUS
186;3;RMIX COMERCIO DE GENEROS ALIMENTICIOS LT;RMIX SIMOES FILHO;AV WASHINGTON LUIZ;;CENTRO;BA;30709;SIMOES FILHO;43700-000;105;06.337.087/0001-73;64.076.451;;;VINICIUS
186;4;RMIX COMERCIO GENEROS ALIMENTICIOS LTDA;RMIX ALPHAVILLE 1;AV LUIZ VIANA, 7876;;ALPHAVILLE 1;BA;27408;SALVADOR;41701-005;105;06.337.087/0004-16;128981786;;;VINICIUS
186;5;RMIX COMERCIO DE GENEROS ALIMENTICIOS LTDA;RMIX ITAPUA;AV DORIVAL CAYMMI, 107;;ITAPUA;BA;27408;SALVADOR;41635-152;105;06.337.087/0005-05;142824072;;;VINICIUS
186;6;RMIX COMERCIO DE GENEROS ALIMENTICIOS LTDA;RMIX PITUBA - AMAZONAS;R AMAZONAS 883;;PITUBA;BA;27408;SALVADOR;41830-380;105;06.337.087/0010-64;162.154.581;;;VINICIUS
186;7;RMIX COMERCIO DE GENEROS ALIMENTICIOS LTDA;RMIX BURAQUINHO;R PRISCILA B DUTRA 1278;QUADRAR LOTE 00001 LOTEAMENTO MIRAGEM;BURAQUINHO;BA;19207;LAURO DE FREITAS;42709-200;105;06.337.087/0007-69;145.512.921;;;VINICIUS
186;8;RMIX COMERCIO DE GENEROS ALIMENTICIOS LTDA;RMIX HORTO;R WALDEMAR FALCAO 1017;;HORTO FLORESTAL;BA;27408;SALVADOR;40285-885;105;06.337.087/0008-40;152.457.790;;;VINICIUS
186;9;RMIX COMERCIO DE GENEROS ALIMENTICIOS LTDA;RMIX ONDINA;AV ADHEMAR DE BARROS 392;;ONDINA;BA;27408;SALVADOR;40170-110;105;06.337.087/0011-45;171.197.990;;;VINICIUS
186;10;RMIX COMERCIO DE GENEROS ALIMENTICIOS LTDA;RMIX VITORIA;AV SETE DE SETEMBRO 1839;TERREO;VITORIA;BA;27408;SALVADOR;40080-002;105;06.337.087/0009-20;157.653.968;;;VINICIUS
186;11;RMIX COMERCIO DE GENEROS ALIMENTICIOS LTDA;RMIX  STELLA MARIS;R RUBEM VALENTIM 459;;STELLA MARIS;BA;27408;SALVADOR;41600-685;105;06.337.087/0015-79;176.848.181;;;VINICIUS
186;12;RMIX COMERCIO DE GENEROS ALIMENTICIOS LTDA;REDEMIX CHAME-CHAME;RUA PROFESSOR SABINO SILVA 179;;CHAME-CHAME;BA;27408;SALVADOR;40157-250;105;06.337.087/0016-50;177.157.844;;;VINICIUS
186;13;RMIX COMERCIO DE GENEROS ALIMENTICIOS LTDA;REDEMIX RIO VERMELHO;RUA OSWALDO CRUZ 000564;;RIO VERMELHO;BA;27408;SALVADOR;41940-000;105;06.337.087/0017-30;201.193.400;;;VINICIUS
186;14;RMIX COMERCIO DE GENEROS ALIMENTICIOS LTDA;REDEMIX SALVADOR SHOPPING;AVENIDA TANCREDO NEVES 003133;;CAMINHO DAS ARVORES;BA;27408;SALVADOR;41820-021;105;06.337.087/0020-36;232.415.238;;;VINICIUS
203;1;UNIMAR SUPERMERCADO LTDA;HIPER UNIMAR BARRA DO POJUCA;R FILOGONIO DE OLIVEIRA 141;;BARRA DO POJUCA;BA;5701;CAMACARI;42825-000;105;07.896.520/0001-73;68554400;;;NIXON
203;2;UNIMAR SUPERMERCADO E ATACADO LTDA;HIPER UNIMAR AREMBEPE;R ALTO DA CONCEICAO SN;;AREMBEPE (ABRANTES);BA;5701;CAMACARI;42830-570;105;07.896.520/0005-05;166.387.904;;;NIXON
203;3;UNIMAR SUPERMERCADO E ATACADO LTDA;HIPER UNIMAR PARQUE NASC DA CAPIVARA;R DOM PEDRO 1 SN;QUADRA LOTE 08;PARQUE NASC DA CAPIVARA;BA;5701;CAMACARI;42800-970;105;07.896.520/0003-35;158.767.411;;;NIXON
208;1;COGEALI COM DE GENEROS ALIMENTICIOS LTDA;COGEALI LJ 01 PARIPE;RUA DR EDUARDO DOTTO 81;;PARIPE;BA;27408;SALVADOR;40800-010;105;07.348.911/0001-53;66578354;;;VINICIUS
208;2;COAGELI - COMERCIAL DE GENEROS ALIMENTICIOS LTDA;COAGELI LJ 2 CENTRO;PC MARTINIANO MAIA. 93;;CENTRO;BA;19207;LAURO DE FREITAS;42702-720;105;07.348.911/0002-34;149362221;;;VINICIUS
209;1;MASANI COM DE GENEROS ALIMENTICIOS LTDA;MASANI COM;AV PAULO VI 1932 PARQUE FLAMBOYANT;;PITUBA;BA;27408;SALVADOR;41810-001;105;00.813.880/0001-15;42630410;;;VINICIUS
213;1;ATAKAREJO DIST DE ALIMENTOS E BEBIDAS EI;ATAKAREJO IGUATEMI;AV SANTIAGO DE COMPOSTELA 425;;PARQUE BELA VISTA;BA;27408;SALVADOR;40279-150;105;73.849.952/0001-58;38971309;;;RICARDO
213;2;ATAKAREJO DIST DE ALIMENTOS E BEBIDAS EI;ATAKAREJO LAURO;AV SANTOS DUMONT 5772;;ESTRADA DO COCO;BA;19207;LAURO DE FREITAS;42700-000;105;73.849.952/0003-10;77593840;;;RICARDO
213;3;ATAKAREJO DIST DE ALIMENTOS E BEBIDAS EI;ATAKAREJO CAMINHO DE AREIA;AV TIRADENTES 88;;CAMINHO DE AREIA;BA;27408;SALVADOR;40440-360;105;73.849.952/0006-62;82462062;;;RICARDO
213;4;ATAKAREJO DIST DE ALIMENTOS E BEBIDAS EI;ATAKAREJO CALCADA;R ELIAS NAZARE 22;;CALCADA;BA;27408;SALVADOR;40411-000;105;73.849.952/0004-09;78213995;;;RICARDO
213;5;ATAKAREJO DIST DE ALIMENTOS E BEBIDAS;ATAKAREJO PIATA;AV OCTAVIO MANGABEIRA;;PIATA;BA;27408;SALVADOR;41650-000;105;73.849.952/0009-05;112613736;;;RICARDO
213;6;ATAKAREJO DISTRIBUIDOR DE ALIMENTOS E BE;ATAKAREJO CABULA;ESTRADA DAS BARREIRAS;;CABULA;BA;27408;SALVADOR;41195-001;105;73.849.952/0008-24;111689374;;;RICARDO
213;7;ATAKAREJO DISTRIBUIDOR DE ALIMENTOS E BEBIDAS S.A;ATAKAREJO BOCA DO RIO;R ABELARDO ANDRADE DE CARVALHO,472;;BOCA DO RIO;BA;27408;SALVADOR;41706-710;105;73.849.952/0002-39;72567935;;;RICARDO
213;8;ATAKAREJO DISTRIBUIDOR DE ALIMENTOS E BEBIDAS S.A;ATAKAREJO AMARALINA;R JANIO QUADROS, 390;;AMARALINA;BA;27408;SALVADOR;41900-340;105;73.849.952/0011-20;134196754;;;RICARDO
213;9;ATAKAREJO DISTRIBUIDOR DE ALIMENTOS E BEBIDAS S.A;ATAKAREJO SALVADOR;AV SAO CRISTOVAO, 301;;SALVADOR;BA;27408;SALVADOR;41510-333;105;73.849.952/0017-15;144638996;;;RICARDO
213;10;ATAKAREJO DISTRIBUIDOR DE BEBIDAS E ALIMENTOS S.A;ATAKAREJO CASTELO BRANCO;R GENARO DE CARVALHO,150;;CASTELO BRANCO;BA;27408;SALVADOR;41320-100;105;73.849.952/0018-04;145559100;;;RICARDO
213;11;ATAKAREJO DISTRIBUIDOR DE ALIMENTOS E BEBIDAS S.A;ATAKAREJO PERNAMBUES;AV TRANQUEDO NEVES, 3290;;PERNAMBUES;BA;27408;SALVADOR;41100-800;105;73.849.952/0015-53;142437117;;;RICARDO
213;12;ATAKAREJO DISTRIBUIDOR DE ALIMENTOS E BEBIDAS S.A;ATAKAREJO CD SIMOES FILHO;V DE PENETRACAO I 690;;CIA SUL;BA;30709;SIMOES FILHO;43700-000;105;73.849.952/0021-00;159.338.218;;;RICARDO
213;13;ATAKAREJO DISTRIBUIDOR DE ALIMENTOS E BEBIDAS S.A;ATAKAREJO CAMACARI;JD LIMOEIRO S/N;;LIMOEIRO;BA;5701;CAMACARI;42800-681;105;73.849.952/0013-91;140.557.666;;;RICARDO
213;14;ATAKAREJO DISTRIBUIDOR DE ALIMENTOS E BEBIDAS S.A;ATAKAREJO PATAMARES;AV LUIS VIANA FILHO 6282;;PATAMARES;BA;27408;SALVADOR;41680-400;105;73.849.952/0029-59;179.439.821;;;RICARDO
213;15;ATAKAREJO DISTRIBUIDOR DE ALIMENTOS E BEBIDAS S.A;ATAKAREJO ENGENHO VELHO DE BROTAS;AV VASCO DA GAMA 437;TODO IMOVEL;ENGENHO VELHO DE BROTAS;BA;27408;SALVADOR;40240-090;105;73.849.952/0032-54;185825759;;;RICARDO
213;16;ATAKAREJO ITACIMIRIM;ATAKAREJO ITACIMIRIM;ROD RODOVIA BA 099 DO COCO SN;KM 64;ITACIMIRIM (MONTE GORDO);BA;5701;CAMACARI;42840-660;105;73.849.952/0031-73;180.419.133;;;RICARDO
213;17;ATAKAREJO DISTRIBUIDOR DE ALIMENTOS E BEBIDAS S.A;ATAKAREJO ILHA;RODOVIA BA 001 8765;;COROA;BA;33208;VERA CRUZ;44470-000;105;73.849.952/0034-16;186650482;;;RICARDO
213;18;ATAKAREJO DISTRIBUIDOR DE ALIMENTOS E BEBIDAS S.A;ATAKAREJO CD VITORIA DA CONQUISTA;ROD BR 116 830;;AYRTON SENNA;BA;33307;VITORIA DA CONQUISTA;45058-000;105;73.849.952/0050-36;220.842.714;;;RICARDO
213;19;ATAKAREJO DISTRIBUIDOR DE ALIMENTOS E BEBIDAS S.A;ATAKAREJO FEIRA BARAUNA;AVENIDA JOSE FALCAO DA SILVA 150;;BARAUNA;BA;10800;FEIRA DE SANTANA;44020-122;105;73.849.952/0016-34;144.638.888;;;RICARDO
213;20;ATAKAREJO DISTRIBUIDOR DE ALIMENTOS E BEBIDAS S.A;ATAKAREJO ILHEUS;AVENIDA TANCREDO NEVES SN;;OLIVENCA;BA;13606;ILHEUS;45660-500;105;73.849.952/0042-26;214.063.932;;;RICARDO
213;21;ATAKAREJO DISTRIBUIDOR DE ALIMENTOS E BEBIDAS S.A;ATAKAREJO ARACAJU ADELIA;AVENIDA ADELIA FRANCO 2350;;LUZIA;SE;308;ARACAJU;49048-010;105;73.849.952/0044-98;27.216.861-0;;;RICARDO
213;22;ATAKAREJO DISTRIBUIDOR DE ALIMENTOS E BEBIDAS S.A;ATAKAREJO PORTO SEGURO;AVENIDA IVAN COSTA RODRIGUES SN;;CIDADE ALTA - SEDE;BA;25303;PORTO SEGURO;45810-000;105;73.849.952/0040-64;210184518;;;RICARDO
213;23;ATAKAREJO DISTRIBUIDOR DE ALIMENTOS E BEBIDAS S.A;ATAKAREJO VITORIA DA CONQUISTA;AVENIDA OLIVIA FLORES SN;;CANDEIAS;BA;33307;VITORIA DA CONQUISTA;45028-100;105;73.849.952/0036-88;202.731.366;;;RICARDO
213;24;ATAKAREJO DISTRIBUIDOR DE ALIMENTOS E BEBIDAS S.A;ATAKAREJO QUINTAS DO MORUMBI;AVENIDA DAS PALMEIRAS S/N;;QUINTAS DO MORUMBI;BA;16401;ITAPETINGA;45700-000;105;73.849.952/0046-50;216.572.944;;;RICARDO
213;25;ATAKAREJO DISTRIBUIDOR DE ALIMENTOS E BEBIDAS S.A;ATAKAREJO  SAO GONCALO DOS CAMPOS;AVENIDA JOSE CARLOS DE LACERDA S/N;;LUIZ EDUARDO MAGALHAES;BA;29305;SAO GONCALO DOS CAMPOS;44330-000;105;73.849.952/0047-30;216.573.079;;;RICARDO
213;26;ATAKAREJO DISTRIBUIDOR DE ALIMENTOS E BEBIDAS S.A;ATAKAREJO DISTRIBUIDOR DE ALIMENTOS E BE;AVENIDA PRESIDENTE JOAO GOULART 171;;CENTRO;BA;18001;JEQUIE;45200-070;105;73.849.952/0028-78;174.964.200;;;RICARDO
213;27;ATAKAREJO DISTRIBUIDOR DE ALIMENTOS E BEBIDAS S.A;ATAKAREJO SAO CAETANO;AVENIDA PRINCESA ISABEL SN;;SAO CAETANO;BA;14802;ITABUNA;45607-003;105;73.849.952/0035-05;202.731.258;;;RICARDO
213;28;ATAKAREJO DISTRIBUIDOR DE ALIMENTOS E BEBIDAS S.A;ATAKAREJO BAIXA DE QUINTAS;ESTRADA DA RAINHA 000646;;BAIXA DE QUINTAS;BA;27408;SALVADOR;40300-035;105;73.849.952/0019-87;155.323.173;;;RICARDO
213;29;ATAKAREJO DISTRIBUIDOR DE ALIMENTOS E BEBIDAS S.A;ATAKAREJO ALAGOINHA;ALAMEDA DAS AGUAS SN;;NOVO HORIZONTE;BA;702;ALAGOINHAS;48009-886;105;73.849.952/0012-00;140.557.558;;;RICARDO
213;30;ATAKAREJO DISTRIBUIDOR DE ALIMENTOS E BEBIDAS S.A;ATAKAREJO SIMOES FILHO;AVENIDA ENG ELMO SEREJO DE FARIAS 2073;;CIA I;BA;30709;SIMOES FILHO;43700-000;105;73.849.952/0014-72;140557774;;;RICARDO
213;31;ATAKAREJO DISTRIBUIDOR DE ALIMENTOS E BEBIDAS S.A;ATAKAREJO PATAMARES PINTO DE AGUIAR;RUA CARIMBAMBA 0000SN;;PITUACU;BA;27408;SALVADOR;41740-010;105;73.849.952/0039-20;210.184.400;;;RICARDO
213;32;ATAKAREJO DISTRIBUIDOR DE ALIMENTOS E BEBIDAS S.A;ATAKAREJO  SETE DE ABRIL;AVENIDA MARIA LUCIA 001015;;SETE DE ABRIL;BA;27408;SALVADOR;41385-445;105;73.849.952/0025-25;168.523.388;;;RICARDO
213;33;ATAKAREJO DISTRIBUIDOR DE ALIMENTOS E BEBIDAS S.A;ATAKAREJO POJUCA;VIA BA 533 SN;;STAR;BA;25204;POJUCA;48120-000;105;73.849.952/0049-00;220.799.768;;;RICARDO
213;34;ATAKAREJO DISTRIBUIDOR DE ALIMENTOS E BEBIDAS S.A;ATAKAREJO ITABUNA;RUA B SN;;NOVA CALIFORNIA;BA;14802;ITABUNA;45604-400;105;73.849.952/0043-07;214.064.067;;;RICARDO
213;35;ATAKAREJO DISTRIBUIDOR DE ALIMENTOS E BEBIDAS S.A;ATAKAREJO;RUA VEREADOR ZEZEU RIBEIRO 000111;;FAZENDA GRANDE II;BA;27408;SALVADOR;41342-153;105;73.849.952/0022-82;161.502.288;;;RICARDO
213;36;ATAKAREJO DISTRIBUIDOR DE ALIMENTOS E BEBIDAS S.A;ATAKAREJO;RUA FREDERICO COSTA 000146;;PERIPERI;BA;27408;SALVADOR;40725-620;105;73.849.952/0023-63;161.502.396;;;RICARDO
213;37;ATAKAREJO DISTRIBUIDOR DE ALIMENTOS E BEBIDAS S.A;ATAKAREJO;AVENIDA AFRANIO PEIXOTO 003913;;LOBATO;BA;27408;SALVADOR;40470-630;105;73.849.952/0024-44;161.502.404;;;RICARDO
213;38;ATAKAREJO DISTRIBUIDOR DE ALIMENTOS E BEBIDAS S.A;ATAKAREJO;RUA SEM DENOMINACAO 251;;CENTRO;BA;10057;DIAS D'AVILA;42850-000;105;73.849.952/0052-06;225.505.894;;;RICARDO
213;39;ATAKAREJO DISTRIBUIDOR DE ALIMENTOS E BEBIDAS S.A;ATAKAREJO FEIRA MANGABEIRA;RUA EUNAPOLIS S/N;;MANGABEIRA;BA;10800;FEIRA DE SANTANA;44056-684;105;73.849.952/0057-02;227.985.340;;;RICARDO
213;40;ATAKAREJO DISTRIBUIDOR DE ALIMENTOS E BEBIDAS S.A;ATAKAREJO  FEIRA SIM;AVENIDA FERNANDO PINTO DE QUEIROZ S/N;;SIM;BA;10800;FEIRA DE SANTANA;44085-620;105;73.849.952/0059-74;228.338.707;;;RICARDO
213;41;ATAKAREJO DISTRIBUIDOR DE ALIMENTOS E BEBIDAS S.A;ATAKAREJO  CATU;AVENIDA PADRE CUPERTINO 00;CENTRO NUMERO 00;CENTRO;BA;7509;CATU;48110-000;105;73.849.952/0054-60;225533622;;;RICARDO
213;42;ATAKAREJO DISTRIBUIDOR DE ALIMENTOS E BEBIDAS S.A;ATAKAREJO;AVENIDA PADRE CUPERTINO 00;;CENTRO;BA;7509;CATU;48110-000;105;73.849.952/0054-60;225533622;;;RICARDO
213;43;ATAKAREJO DISTRIBUIDOR DE ALIMENTOS E BEBIDAS S.A;ATAKAREJO NOSSA SENHORA DA GLORIA;RUA FRANCISCO VIEIRA DOS SANTOS 86;;JOVIANO BARBOSA;SE;4508;NOSSA SENHORA DA GLORIA;49680-000;105;73.849.952/0051-17;27.223.761-2;;;RICARDO
213;44;ATAKAREJO DISTRIBUIDOR DE ALIMENTOS E BEBIDAS S.A;ATAKAREJO  LAGARTO;AVENIDA SIN ANTONIO FRANCISCO DA ROCHA-L;;EXPOSICAO;SE;3500;LAGARTO;49400-000;105;73.849.952/0055-40;27.225.678-1;;;RICARDO
213;45;ATAKAREJO DISTRIBUIDOR DE ALIMENTOS E BEBIDAS S.A;ATAKAREJO ITABAINA;AVENIDA NIVALDA LIMA FIGUEIREDO 867;;ANIZIO AMANCIO DE OLIVEIRA;SE;2908;ITABAIANA;49503-396;105;73.849.952/0058-93;272283894;;;RICARDO
213;46;ATAKAREJO DISTRIBUIDOR DE ALIMENTOS E BEBIDAS S.A;ATAKAREJO ARACAJU PARAISO;AVENIDA PRES TANCREDO NEVES 8050;;NOVO PARAISO;SE;308;ARACAJU;49082-005;105;73.849.952/0060-08;27.232.185-0;;;RICARDO
213;47;ATAKAREJO DISTRIBUIDOR DE ALIMENTOS E BEBIDAS S.A;ATAKAREJO - ESTANCIA ARACAJU;AVENIDA RUBENS ALVES DA SILVA 1.132;;SANTA CRUZ;SE;2106;ESTANCIA;49200-000;105;73.849.952/0048-11;27.223.877-5;;;RICARDO
218;1;DELI E CIA DELICATESSEN LTDA;DELI E CIA GRACA;AV EUCLIDES DA CUNHA 79;;GRACA;BA;27408;SALVADOR;40150-120;105;08.957.752/0001-57;74571398;;;RICARDO
259;1;FRUTOS DA TERRA MINIMERCADO LTDA - ME;FRUTOS DA TERRA;R DR JULIO DE MELO , 538;;CENTRO;PE;11101;PETROLINA;56302-150;105;05.370.733/0001-31;29649536;;;ANTONIO
1456;12;ARMAZEM MATEUS S.A.;MATEUS CD - FEIRA DE SANTANA/BA;ROD BA 502 SN;;BOA HORA;BA;29305;SAO GONCALO DOS CAMPOS;44330-000;105;23.439.441/0058-25;203.844.342;;;RICARDO
1600;1;DISTRIBUIDORA DE PRODUTOS ALIMENTICIOS S;DIST SAO ROQUE STA MONICA;AV EDUARDO FROES DA MOTA;;SANTA MONICA;BA;10800;FEIRA DE SANTANA;44078-015;105;03.705.630/0001-50;53234111;;;VINICIUS
1600;2;DISTRIBUIDORA DE PRODUTOS ALIMENTICIOS SAO ROQUE LTDA;DIST SAO ROQUE CENTRO;R CASTRO ALVES 1473;;CENTRO;BA;10800;FEIRA DE SANTANA;44001-184;105;03.705.630/0002-30;65.232.825;;;VINICIUS
1600;3;DISTRIBUIDORA DE PRODUTOS ALIMENTICIOS SAO ROQUE LTDA;DIST SAO ROQUE  MANGABEIRA;AV FRANCISCO FRAGA MAIA SN;;MANGABEIRA;BA;10800;FEIRA DE SANTANA;44056-232;105;03.705.630/0004-00;96.631.649;;;VINICIUS
1600;4;DISTRIBUIDORA DE PRODUTOS ALIMENTICIOS SAO ROQUE LTDA;DIST SAO ROQUE CALUMBI;R TOME DE SOUZA 259;;CALUMBI;BA;10800;FEIRA DE SANTANA;44008-405;105;03.705.630/0011-21;183.298.450;;;VINICIUS
1600;5;DISTRIBUIDORA DE PRODUTOS ALIMENTICIOS SAO ROQUE LTDA;DIST SAO ROQUE SIM;AV ARTEMIA PIRES FREITAS CN;;SIM;BA;10800;FEIRA DE SANTANA;44085-370;105;03.705.630/0005-83;9.958.135;;;VINICIUS
1600;6;DISTRIBUIDORA DE PRODUTOS ALIMENTICIOS SAO ROQUE LTDA;DIST SAO ROQUE STO ESTEVAO;AVENIDA GETULIO VARGAS 197;;CENTRO;BA;28802;SANTO ESTEVAO;44190-000;105;03.705.630/0015-55;211.680.039;;;VINICIUS
1600;7;DISTRIBUIDORA DE PRODUTOS ALIMENTICIOS SAO ROQUE LTDA;DIST SAO ROQUE CONCEICAO;RUA CALAMAR 267;;CONCEICAO;BA;10800;FEIRA DE SANTANA;44065-104;105;03.705.630/0013-93;211.679.860;;;VINICIUS
1600;8;DISTRIBUIDORA DE PRODUTOS ALIMENTICIOS SAO ROQUE LTDA;SAO ROQUE ARTEMIA PIRES;AVENIDA ARTEMIA PIRES FREITAS 9000;;SIM;BA;10800;FEIRA DE SANTANA;44085-370;105;03.705.630/0014-74;211.679.978;;;VINICIUS
1647;2;BOMPRECO BAHIA SUPERMERCADOS LTDA;BOM PRECO BA;RODOVIA BA 093 - 4120;;PALMARES;BA;30709;SIMOES FILHO;43700-000;105;97.422.620/0146-15;134883850;;;VINICIUS
1647;5;BOMPRECO BAHIA SUPERMERCADOS LTDA;WALMART - CHAME CHAME;AV CENTENARIO 2786;LOJA B515;CHAME-CHAME;BA;27408;SALVADOR;40157-151;105;97.422.620/0010-41;000.118.145;;;VINICIUS
1647;8;BOMPRECO BAHIA SUPERMERCADOS LTDA;BIG BOMPRECO PORTAO;AV SANTOS DUMONT 7650;PORTAO;LAURO DE FREITAS;BA;19207;LAURO DE FREITAS;42700-130;105;97.422.620/0068-68;50807172;;;VINICIUS
1647;10;BOMPRECO BAHIA SUPERMERCADOS LTDA;BOMPRECO - PITUBA;R PERNAMBUCO 510;;PITUBA;BA;27408;SALVADOR;41830-391;105;97.422.620/0009-08;000.106.959;;;VINICIUS
1763;1;PONTO VERDE COMERCIO DE ALIMENTOS LTDA;PONTO VERDE SETE PORTAS;LRG DAS SETE PORTAS, 06;ED EL CIDADE TERREO SOBRE LOJA;SETE PORTAS;BA;27408;SALVADOR;40040-375;105;00.658.059/0001-71;41985878;;;VINICIUS
1763;2;PONTO VERDE COMERCIO DE ALIMENTOS LTDA;PONTO VERDE IAPI;RUA CONDE DE PORTO ALEGRE, SN;QUADRA 01 LOTE 02;IAPI;BA;27408;SALVADOR;40330-201;105;00.658.059/0002-52;49394407;;;VINICIUS
1763;3;PONTO VERDE COMERCIO DE ALIMENTOS LTDA;PONTO VERDE VILA LAURA;RUA RAUL LEITE, 116;;VILA LAURA;BA;27408;SALVADOR;40270-010;105;00.658.059/0003-33;50009088;;;VINICIUS
1824;1;GRAL PANIFICACAO EIRELI;GRAL PANIFICACAO;ALAMEDA PADUA N 126;;PITUBA;BA;27408;SALVADOR;41830-480;105;23.793.817/0001-60;129254610;;;RICARDO
1872;1;CARBALLO FARO IMPORTACAO E DISTRIBUICAO;CARBALLO FARO - PITUBA;AV. PAULO VI   N1498;;PITUBA;BA;27408;SALVADOR;41810-001;105;12.765.924/0002-49;126624748;;;RICARDO
1872;3;CARBALLO FARO IMPORTACAO E DISTRIBUICAO LTDA;CARBALLO FARO - HORTO;AV SANTA LUZIA, 985;LOJA LOT PARQUE FLORESTAL LOTE 0073;FORTO FLORESTAL;BA;27408;SALVADOR;40295-050;105;12.765.924/0003-20;134311791;;;RICARDO
1872;4;CARBALLO FARO IMPORTACAO E DISTRIBUICAO LTDA;CARBALLO FARO ALPHAVILLE;AV ALPHAVILLE, 199;EDIF CARLOS FABRICIO LEITE COSTA SL 01;ALPHAVILLE I;BA;27408;SALVADOR;41701-015;105;12.765.924/0004-00;152426901;;;RICARDO
1899;12;SENDAS DISTRIBUIDORA;ASSAI VITORIA CONQUISTA;AVENIDA ANEL DE CONTORNO SN;;FELICIA;BA;33307;VITORIA DA CONQUISTA;45055-686;105;06.057.223/0317-27;131807514;;;NIXON
1899;13;SENDAS DISTRIBUIDORA;ASSAI FEIRA SOBRADINHO;AVENIDA EDUARDO FROES DE MOTA  SN;;SOBRADINHO;BA;10800;FEIRA DE SANTANA;44021-215;105;06.057.223/0314-84;131694439;;;NIXON
1899;15;SENDAS DISTRIBUIDORA;ASSAI JEQUIE;AVENIDA CESAS BORGES SN;PARTE1;SAO JUDAS TADEU;BA;18001;JEQUIE;45203-830;105;06.057.223/0313-01;131656891;;;ANTONIO
1899;34;SENDAS DISTRIBUIDORA S/A;ASSAI LAURO DE FREITAS;AV SANTOS DUMONT 2239;;ESTRADA DO COCO;BA;19207;LAURO DE FREITAS;42700-130;105;06.057.223/0324-56;133.122.260;;;NIXON
1899;35;SENDAS DISTRIBUIDORA S/A;ASSAI CAMACARI;AVENIDA JORGE AMADO;LOTE 02 A;INDUSTRIAL;BA;5701;CAMACARI;42800-311;105;06.057.223/0383-06;152.922.810;;;NIXON
1899;36;SENDAS DISTRIBUIDORA S/A;ASSAI PARIPE;AV AFRANIO PEIXOTO  SN;;PARIPE;BA;27408;SALVADOR;40800-570;105;06.057.223/0322-94;133.095.856;;;NIXON
1899;37;SENDAS DISTRIBUIDORA S/A;ASSAI MUSSURUNGA;R PROFESSOR PLINIO GARCEZ DE SENA  1240;;MUSSURUNGA I;BA;27408;SALVADOR;41490-340;105;06.057.223/0424-19;168.999.879;;;NIXON
1899;38;SENDAS DISTRIBUIDORA S/A;ASSAI PAU DA LIMA;AV ALIOMAR BALEEIRO  2249;TR;VILA CANARIA;BA;27408;SALVADOR;41390-710;105;06.057.223/0381-44;152.849.650;;;NIXON
1899;39;SENDAS DISTRIBUIDORA S/A;ASSAI CALCADA;R LUIZ REGIS PACHECO 368;;URUGUAI;BA;27408;SALVADOR;40451-360;105;06.057.223/0361-09;143296032;;;NIXON
1899;41;SENDAS DISTRIBUIDORA S/A;ASSAI CIDADE NOVA;AV LOMANTO JUNIOR MARGEM BR 116 SN;;CIDADE NOVA;BA;30501;SERRINHA;48700-000;105;06.057.223/0406-37;162.235.030;;;NIXON
1899;42;SENDAS DISTRIBUIDORA S/A;ASSAI JOSE CONRADO DE ARAUJO;R SIMEAO AGUIAR 430;;JOSE CONRADO DE ARAUJO;SE;308;ARACAJU;49085-410;105;06.057.223/0299-00;27.152.081-7;;;NIXON
1899;43;SENDAS DISTRIBUIDORA S/A;ASSAI AEROPORTO;AV MELICIO MACHADO 240;LOTE 01;AEROPORTO;SE;308;ARACAJU;49038-443;105;06.057.223/0404-75;27.166.581-5;;;NIXON
1899;44;SENDAS DISTRIBUIDORA S/A;ASSAI PORTO;AV EDUARDO PAIXAO ROCHA 1667;;PORTO;SE;2908;ITABAIANA;49510-190;105;06.057.223/0364-43;27.158.258-8;;;NIXON
1899;51;SENDAS DISTRIBUIDORA S/A;ASSAI BARRIS;R DO SALETE 30;;BARRIS;BA;27408;SALVADOR;40070-200;105;06.057.223/0470-54;183.250.038;;;NIXON
1899;52;SENDAS DISTRIBUIDORA S/A;ASSAI CABULA;R SILVEIRA MARTINS 000119;;CABULA;BA;27408;SALVADOR;41150-000;105;06.057.223/0483-79;188.374.289;;;NIXON
1899;53;SENDAS DISTRIBUIDORA S/A;ASSAI VASCO DA GAMA 4049;AV VASCO DA GAMA 4049;;FEDERACAO;BA;27408;SALVADOR;40230-731;105;06.057.223/0484-50;188.455.405;;;NIXON
1899;54;SENDAS DISTRIBUIDORA S/A;ASSAI INACIO BARBOSA;AV ADELIA FRANCO 3735;;INACIO BARBOSA;SE;308;ARACAJU;49040-020;105;06.057.223/0518-33;27.182.055-1;;;NIXON
1899;62;SENDAS DISTRIBUIDORA S/A;ASSAI CABULA;R SILVEIRA MARTINS 000119;;CABULA;BA;27408;SALVADOR;41150-000;105;06.057.223/0483-79;188.374.289;;;NIXON
1899;63;SENDAS DISTRIBUIDORA S/A;ASSAI VASCO DA GAMA;AV VASCO DA GAMA 4049;;FEDERACAO;BA;27408;SALVADOR;40230-731;105;06.057.223/0484-50;188.455.405;;;NIXON
1899;65;SENDAS DISTRIBUIDORA S/A;ASSAI INACIO BARBOSA;AV ADELIA FRANCO 3736;;INACIO BARBOSA;SE;308;ARACAJU;49040-020;105;06.057.223/0518-33;27.182.055-1;;;NIXON
1899;66;SENDAS DISTRIBUIDORA S/A;ASSAI NOSSA SRA DO SOCORRO;AV EIXO ESTRUTURAL B SN;QUADRA 2 LOTE 1;DISTRITO;SE;4805;NOSSA SENHORA DO SOCORRO;49160-000;105;06.057.223/0478-01;27.179.082-2;;;NIXON
1899;67;SENDAS DISTRIBUIDORA S/A;ASSAI LUIS ANSELMO;AV ANTONIO CARLOS MAGALHAES 001400;;LUIS ANSELMO;BA;27408;SALVADOR;40260-700;105;06.057.223/0552-35;193.972.607;;;NIXON
1899;74;SENDAS DISTRIBUIDORA S/A;ASSAI IMBUI;AV LUIS VIANA FILHO 3056;LOJA TRECHO A;IMBUI;BA;27408;SALVADOR;41720-200;105;06.057.223/0541-82;191902820;;;NIXON
1899;75;SENDAS DISTRIBUIDORA S/A;ASSAI TOMBA;AV EDUARDO FROES DA MOTA 2500;;TOMBA;BA;10800;FEIRA DE SANTANA;44090-156;105;06.057.223/0451-91;178197353;;;NIXON
1899;79;SENDAS DISTRIBUIDORA S/A;ASSAI PETROLINA;AV SETE DE SETEMBRO SN;ANEXO AREA 2 A 1;ANTONIO CASSIMIRO;PE;11101;PETROLINA;56330-900;105;06.057.223/0477-20;0985934-98;;;ANTONIO
1899;80;SENDAS DISTRIBUIDORA S/A;ASSAI SR DO BONFIM;RUA OTAVIO JOSE DE CARVALHO 650;;UMBURANA;BA;30105;SENHOR DO BONFIM;48970-000;105;06.057.223/0407-18;162.235.149;;;ANTONIO
1899;81;SENDAS DISTRIBUIDORA S/A;ASSAI JUAZEIRO;AVENIDA SAO JOAO 1947;;JARDIM VITORIA;BA;18407;JUAZEIRO;48900-441;105;06.057.223/0315-65;131.710.674;;;ANTONIO
1926;1;JOSE ORICELIO FURTADO ME;FEIRAO DAS FRUTAS ATRAS DA BANCA;RUA SAO FRANCISCO N 559;;ATRAS DA BANCA;PE;11101;PETROLINA;56308-060;105;08.473.979/0001-27;34541349;;;ANTONIO
1926;2;HORTIFRUTI FEIRAO DAS FRUTAS LTDA;FEIRAO DAS FRUTAS MARIA AUXILIADORA;AV MONSENHOR ANGELO SAMPAIO 487;;MARIA AUXILIADORA;PE;11101;PETROLINA;56330-300;105;08.473.979/0002-08;111128161;;;ANTONIO
2088;6;PAJEU NORDESTE LTDA;PAJEU PETROLINA KM2;R ANIZIO MOURA LEAL AV CEAP 86;;km2;PE;11101;PETROLINA;56306-475;105;02.814.573/0009-31;0308834-07;;;ANTONIO
2088;11;PAJEU NORDESTE LTDA;PAJEU PETROLINA FILIAL 15;AVENIDA DOUTOR ULISSES GUIMARAES 110;;JARDIM AMAZONAS;PE;11101;PETROLINA;56318-525;105;02.814.573/0017-41;0440481-57;;;ANTONIO
2399;1;GA INDUSTRIA E COMERCIO DE ALIMENTOS LTDA;PARIS DELICATESSEN;AV PROFESSOR PINTO DE AGUIAR, 293;CS;PITUACU;BA;27408;SALVADOR;41740-090;105;29.590.340/0001-00;146347870;;;RICARDO
2459;33;MATEUS SUPERMERCADOS S.A.;MATEUS PETROLINA;R O SN;GLEBA 1 REMANESCENTE;DISTRITO INDUSTRIAL;PE;11101;PETROLINA;56310-770;105;03.995.515/0232-99;0981067-67;;;ANTONIO
2459;34;MATEUS SUPERMERCADOS S.A.;MATEUS JACOBINA;AV CENTENARIO 532;;NAZARE;BA;17508;JACOBINA;44700-000;105;03.995.515/0246-94;189709394;;;ANTONIO
2459;41;MATEUS SUPERMERCADOS S.A.;MATEUS JUAZEIRO;ROD BR 407 SN;;DISTRITO INDUSTRIAL;BA;18407;JUAZEIRO;48909-725;105;03.995.515/0231-08;183.305.794;;;ANTONIO
2459;42;MATEUS SUPERMERCADOS S.A.;MATEUS JOSE CONRADO DE ARAUJO;AV CHANC OSVALDO ARANHA 1110;;JOSE CONRADO DE ARAUJO;SE;308;ARACAJU;49085-100;105;03.995.515/0237-01;271803487;;;RICARDO
2459;49;MATEUS SUPERMERCADOS S.A.;MATEUS VITORIA DA CONQUISTA;AV JURACY MAGALHAES 701;;BOA VISTA;BA;33307;VITORIA DA CONQUISTA;45026-090;105;03.995.515/0244-22;189.370.255;;;RICARDO
2459;51;MATEUS SUPERMERCADOS S.A.;MATEUS PORTO SEGURO;AV DOS TRABALHADORES SN;;OUTEIRO DA GLORIA - SEDE;BA;25303;PORTO SEGURO;45810-000;105;03.995.515/0248-56;190.428.776;;;RICARDO
2459;52;MATEUS SUPERMERCADOS S.A.;MATEUS TEIXEIRA DE FREITAS;AV PRESIDENTE GETULIO VARGAS 7979;;SETOR BAHIA SUL;BA;31350;TEIXEIRA DE FREITAS;45986-330;105;03.995.515/0240-07;187.196.927;;;RICARDO
2459;53;MATEUS SUPERMERCADOS S.A.;MATEUS CONCEICAO DO COITE;AV OLDACK AMANCIO ARAUJO 2135;;OLHOS D AGUA;BA;8408;CONCEICAO DO COITE;48730-000;105;03.995.515/0258-28;196.521.866;;;ANTONIO
2459;96;MATEUS SUPERMERCADOS S.A.;MIX MATEUS DA GLORIA;RUA PADRE JOSE  DE ANCHIETA SN;;PORTAL DO SERTAO;SE;4508;NOSSA SENHORA DA GLORIA;49680-000;105;03.995.515/0271-03;27.188.710-9;;;RICARDO
2459;97;MATEUS SUPERMERCADOS S.A.;MATEUS EUNAPOLIS;AVENIDA ANTONIO CARLOS MAGALHAES 844;LOJA 01;IVAN MOURA;BA;10727;EUNAPOLIS;45830-602;105;03.995.515/0297-34;209.091.531;;;RICARDO
2459;98;MATEUS SUPERMERCADOS S.A.;MATEUS ITABUNA;RODOVIA BR 415 SN;;PARQUE VERDE;BA;14802;ITABUNA;45604-811;105;03.995.515/0282-58;203.268.450;;;RICARDO
2459;A1;MATEUS SUPERMERCADOS E VAREJO LTDA;MIX MATEUS PETROLINA;AV DOUTOR ULISSES GUIMARAES 501;;DISTRITO INDUSTRIAL;PE;11101;PETROLINA;56310-770;105;59.008.895/0016-30;123345707;;;RICARDO
2459;D5;MATEUS SUPERMERCADOS S.A.;MATEUS ARACAJU SANTA MONICA;AVENIDA JOAO RODRIGUES 582;;INDUSTRIAL;SE;308;ARACAJU;49065-450;105;03.995.515/0325-22;272133809;;;RICARDO
2459;D6;MATEUS SUPERMERCADOS S.A.;MIX MATEUS;AVENIDA EDUARDO FROES DA MOTA SN;;CASEB;BA;10800;FEIRA DE SANTANA;44052-151;105;03.995.515/0335-02;223.300.361;;;RICARDO
2459;D7;MATEUS SUPERMERCADOS S.A.;MIX MATEUS BOA VISTA;AVENIDA MILTON SANTOS 1904;;BOA VISTA;BA;13606;ILHEUS;45652-565;105;03.995.515/0323-60;216.513.219;;;RICARDO
2459;E2;MATEUS SUPERMERCADOS S.A.;MIX MATEUS SALAVDOR SAO CRISTOVAO;RODOVIA BA 526 000305;;CASSANGE;BA;27408;SALVADOR;41505-220;105;03.995.515/0348-19;227.036.352;;;RICARDO
2613;1;HIPERIDEAL EMPREENDIMENTOS LTDA;HIPERIDEAL LJ 108 - PITUBA;R RUA CEARA 339;LOTEAMENTO VELA BRANCA;PITUBA;BA;27408;SALVADOR;41830-450;105;02.212.937/0012-09;74346983;;;RICARDO
2613;2;SERRANA EMPREENDIMENTOS E PARTICIPACOES LTDA;HIPERIDEAL ARMACAO;AV SIMON BOLIVAR 558;;ARMACAO;BA;27408;SALVADOR;41750-230;105;02.212.937/0018-02;128.045.677;;;RICARDO
2613;3;SERRANA EMPREENDIMENTOS E PARTICIPACOES LTDA;HIPERIDEAL PRAIA DO FORTE;ROD BA 099 KM 54 S/N;LOTE 04;PRAIA DO FORTE;BA;21005;MATA DE SAO JOAO;48280-000;105;02.212.937/0014-70;82.707.448;;;RICARDO
2613;4;SERRANA EMPREENDIMENTOS E PARTICIPACOES LTDA;HIPERIDEAL - VITORIA;AV SETE DE SETEMBRO, 304;;CAMPO GRANDE;BA;27408;SALVADOR;40080-001;105;02.212.937/0027-95;160.671.462;;;RICARDO
2613;5;HIPERIDEAL EMPREENDIMENTOS LTDA;SERRANA STELLA MARIS;R CAPITAO MELO 1118;;STELLA MARIS;BA;27408;SALVADOR;41600-610;105;02.212.937/0017-13;13638117;;;RICARDO
2613;6;HIPERIDEAL EMPREENDIMENTOS LTDA;SERRANA STELLA MARIS II;R MISSIONARIO OTTO NELSON 100;;STELLA MARIS;BA;27408;SALVADOR;41600-650;105;02.212.937/0006-60;58.387.333;;;RICARDO
2613;7;HIPERIDEAL EMPREENDIMENTOS LTDA;HIPERIDEAL PIATA OTAVIO MANGABEIRA;AV OCTAVIO MANGABEIRA  10241;;PIATA;BA;27408;SALVADOR;41650-000;105;02.212.937/0007-41;62.191.021;;;RICARDO
2613;8;HIPERIDEAL EMPREENDIMENTOS LTDA;HIPERIDEAL BURAQUINHO;AV SANTOS DUMONT 7410;LJ 07 ESTRADA DO COCO AREA 01;BURAQUINHO;BA;19207;LAURO DE FREITAS;42710-860;105;02.212.937/0008-22;62920003;;;RICARDO
2613;9;HIPERIDEAL EMPREENDIMENTOS LTDA;SERRANA - TORORO;AV VALE DO TORORO SN;LOJA 36;TORORO;BA;27408;SALVADOR;40050-290;105;02.212.937/0009-03;69096102;;;RICARDO
2613;10;HIPERIDEAL EMPREENDIMENTOS LTDA;SERRANA - GRACA;AV EUCLYDES DA CUNHA 08;LOJA 08;GRACA;BA;27408;SALVADOR;40150-122;105;02.212.937/0010-47;64.455.531;;;RICARDO
2613;11;HIPERIDEAL EMPREENDIMENTOS LTDA;SERRANA  BARRA;R MARQUES DE CARAVELAS 171;;BARRA;BA;27408;SALVADOR;40140-241;105;02.212.937/0011-28;68.794.073;;;RICARDO
2613;12;HIPERIDEAL EMPREENDIMENTOS LTDA;SERRANA PITUBA;R RUA CEARA 339;LOTEAMENTO BARRA BRANCA;PITUBA;BA;27408;SALVADOR;41830-450;105;02.212.937/0012-09;74.346.983;;;VINICIUS
2613;13;HIPERIDEAL EMPREENDIMENTOS LTDA;SERRANA - PATAMARES;AV LUIS VIANA FILHO 8544;ED SHOPPING PARALELA  SALA 109 E 110;PATAMARES;BA;27408;SALVADOR;41680-400;105;02.212.937/0013-90;79431702;;;RICARDO
2613;14;HIPERIDEAL EMPREENDIMENTOS LTDA;SERRANA - PRAIA DO FORTE;ROD BA 099 KM 54 SN;LOTE 04;PRAIA DO FORTE;BA;21005;MATA DE SAO JOAO;48280-000;105;02.212.937/0014-70;82707448;;;VINICIUS
2613;15;HIPERIDEAL EMPREENDIMENTOS LTDA;SERRANA VILA LAURA;R RAUL LEITE 46;;VILA LAURA;BA;27408;SALVADOR;40270-010;105;02.212.937/0021-08;145929622;;;RICARDO
2613;16;HIPERIDEAL EMPREENDIMENTOS LTDA;SERRANA  ITAIGARA;R ANISIO TEIXEIRA 347;;ITAIGARA;BA;27408;SALVADOR;41815-060;105;02.212.937/0023-61;147578585;;;RICARDO
2613;17;HIPERIDEAL EMPREENDIMENTOS LTDA;SERRANA  JARDIM APIPEMA;R PROFESSOR SABINO SILVA 607;;JARDIM APIPEMA;BA;27408;SALVADOR;40155-250;105;02.212.937/0025-23;159.469.826;;;RICARDO
2613;18;HIPERIDEAL EMPREENDIMENTOS LTDA;SERRANA PITUBA;AV MANOEL DIAS DA SILVA 1175;;PITUBA;BA;27408;SALVADOR;41830-000;105;02.212.937/0024-42;158864161;;;RICARDO
2613;19;HIPERIDEAL EMPREENDIMENTOS LTDA;HIPERIDEAL PIATA ORLANDO GOMES;R DA GRATIDAO SN;ESQUINA AVENIDA ORLANDO GOMES;PIATA;BA;27408;SALVADOR;41650-195;105;02.212.937/0026-04;159469934;;;RICARDO
2613;20;HIPERIDEAL EMPREENDIMENTOS LTDA;SERRANA  CAMPO GRANDE;AV SETE DE SETEMBRO 304;;CAMPO GRANDE;BA;27408;SALVADOR;40080-001;105;02.212.937/0027-95;158864161;;;RICARDO
2613;21;HIPERIDEAL EMPREENDIMENTOS LTDA;HIPERIDEAL PARQUE SHOPPING;AV SANTOS DUMONT 4360;;CENTRO;BA;19207;LAURO DE FREITAS;42702-400;105;02.212.937/0028-76;164428685;;;RICARDO
2613;22;HIPERIDEAL EMPREENDIMENTOS LTDA;SERRANA GUARAJUBA (MONTE GORDO);ROD BA 099 ESTRADA DO COCO KM 42;TERRENO;GUARAJUBA (MONTE GORDO);BA;5701;CAMACARI;42840-310;105;02.212.937/0030-90;168988933;;;RICARDO
2613;23;HIPERIDEAL EMPREENDIMENTOS LTDA;SERRANA  PATAMARES;AV IBIRAPITANGA 374;LOJA 374;PATAMARES;BA;27408;SALVADOR;41680-360;105;02.212.937/0031-71;171286107;;;RICARDO
2613;24;HIPERIDEAL EMPREENDIMENTOS LTDA;HIPER IDEAL CD;R DA GRATIDAO 00;;PIATA;BA;27408;SALVADOR;41650-195;105;02.212.937/0033-33;177.537.392;;;RICARDO
2613;25;HIPERIDEAL EMPREENDIMENTOS LTDA;HIPERIDEAL CAMINHO DAS ARVORES;AL DOS SOMBREIROS 170;;CAMINHO DAS ARVORES;BA;27408;SALVADOR;41820-420;105;02.212.937/0032-52;174.055.722;;;RICARDO
2613;26;HIPERIDEAL EMPREENDIMENTOS LTDA;SERRANA CANELA;AV REITOR MIGUEL CALMON 1977;EDIF HIPERHIDEAL SUPERMERCADOS LOJA;CANELA;BA;27408;SALVADOR;40110-100;105;02.212.937/0019-85;140.382.679;;;RICARDO
2613;27;HIPERIDEAL EMPREENDIMENTOS LTDA;HIPERIDEAL AMAZONAS;R AMAZONAS 1541;EDIF RIVIERA LOJA;PITUBA;BA;27408;SALVADOR;41830-380;105;02.212.937/0036-86;193.103.105;;;RICARDO
2613;28;HIPERIDEAL EMPREENDIMENTOS LTDA;HIPERIDEAL ORLA;AV OCTAVIO MANGABEIRA, ARMACAO;LOJA 4435;ARMACAO;BA;27408;SALVADOR;41750-240;105;02.212.937/0029-57;168.988.825;;;RICARDO
2613;29;HIPERIDEAL EMPREENDIMENTOS LTDA;HIPERIDEAL HORTO VASCO DA GAMA;AV VASCO DA GAMA 864;LOJA 864;FEDERACAO;BA;27408;SALVADOR;40230-731;105;02.212.937/0034-14;187430052;;;RICARDO
2613;30;HIPERIDEAL EMPREENDIMENTOS LTDA;HIPERIDEAL HORTO JARDINS ACM;AVENIDA JURACY MAGALHAES JUNIOR 1034;;HORTO FLORESTAL;BA;27408;SALVADOR;40295-140;105;02.212.937/0022-80;147.186.841;;;RICARDO
2613;31;HIPERIDEAL EMPREENDIMENTOS LTDA;HIPERIDEAL FEIRA DE SANTANA;AVENIDA NOIDE FERREIRA DE CERQUEIRA S/N;;LAGOA SALGADA;BA;10800;FEIRA DE SANTANA;44082-225;105;02.212.937/0042-24;216.851.764;;;RICARDO
2613;32;HIPERIDEAL EMPREENDIMENTOS LTDA;HIPERIDEAL ALPHAVILLE;AVENIDA ALPHAVILLE L. 03;;ALPHAVILLE I;BA;27408;SALVADOR;41701-015;105;02.212.937/0044-96;232.166.514;;;RICARDO
2644;1;SUPERMERCADO OGUNJA LTDA;CESTA DO POVO;AV GENERAL GRACA LESSA  888;;ACUPE DE BROTAS;BA;27408;SALVADOR;40290-110;105;32.819.547/0001-00;155.765.209;;;NIXON
2646;1;SUPER MUSSURUNGA COMERCIAL DE ALIMENTOS LTDA;CESTA DO POVO;R DOUTOR ARTHUR COUTO 3;;MUSSURUNGA I;BA;27408;SALVADOR;41490-350;105;31.434.425/0001-32;151.634.587;;;NIXON
2647;1;SUPERMERCADO BOCA DO RIO EIRELI;CDP BOCA DO RIO LOJA 07;R PROFESSOR PINTO DE AGUIAR SN;;BOCA DO RIO;BA;27408;SALVADOR;41710-000;105;31.977.294/0001-30;153.232.707;;;NIXON
2652;1;LWA COMERCIAL LTDA;MASSIMO LUZIA;AV HERMES FONTES  1568;;LUZIA;SE;308;ARACAJU;49045-760;105;31.432.054/0001-50;271618353;;;VINICIUS
2652;2;LWA COMERCIAL LTDA;MASSIMO FAROLANDIA;AV DR ADEL NUNES 1059;;FAROLANDIA;SE;308;ARACAJU;49032-100;105;31.432.054/0002-30;27.173.095-1;;;VINICIUS
2797;1;SETE PORTAS SUPERMERCADOS LTDA;CDP SETE PORTAS LOJA 09;R CONEGO PEREIRA SN;;BARBALHO;BA;27408;SALVADOR;40300-756;105;36.613.171/0001-33;166.113.202;;;NIXON
2821;1;GRAN REALIZACOES LTDA;GRAN HORTIFRUTI;AL DOS UMBUZEIROS 128;;CAMINHO DAS ARVORES;BA;27408;SALVADOR;41820-680;105;39.303.338/0001-58;171.980.602;;;RICARDO
2860;1;PGA COMERCIO ATACADISTA DE FRUTAS E VERDURAS EIRELI;PGA COMERCIO ATACADISTA DE FRUTAS E VERD;ROD BR 235 SN;MERC DO PRODUTOR BOX 01 C PAVILHAO C;TANCREDO NEVES;BA;18407;JUAZEIRO;48906-726;105;21.553.781/0001-11;121518705;;;ANTONIO
2860;2;PGA COMERCIO ATACADISTA DE FRUTAS E VERDURAS LTDA;PGA VILLA MIX II;AVENIDA AVENIDA JOAO PERNAMBUCO 120;;JATOBA;PE;11101;PETROLINA;56332-360;105;21.553.781/0004-64;114510334;;;ANTONIO
2997;1;SUPERMERCADO SAO LUCAS LTDA;SUPERMERCADO NUNES PEIXOTO CENTRO;PC JOAO PESSOA 99;;CENTRO;SE;2908;ITABAIANA;49500-070;105;13.152.186/0001-46;27.057.989-3;;;VINICIUS
2997;2;SUPERMERCADO SAO LUCAS LTDA;SUPERMERCADO NUNES PEIXOTO NOVO HORIZONT;RUA MONTE ALEGRE  N 78;;NOVO HORIZONTE;SE;4508;NOSSA SENHORA DA GLORIA;49680-000;105;13.152.186/0002-27;271029609;;;VINICIUS
3081;3;TRIELO COMERCIO EXPORTACAO E IMPORTACAO DE ALIMENTOS LTDA;TRIELO CEASA BA;ROD. BA 526, Nº 1, BOX 15/16, GALPAO 05;;CEASA;BA;27408;SALVADOR;41404-000;105;44.459.499/0003-37;191217804;;;TRIELO
4130;1;HIPER CARNE BARRA LTDA;HIPER CARNES BARRA DOS COQUEIROS;AV OCEANICA 835;;CENTRO;SE;605;BARRA DOS COQUEIROS;49140-000;105;44.069.669/0001-05;271805323;;;VINICIUS
4234;1;SUPERMERCADO BOMBOM LTDA;SUP BOMBOM LAGARTO CENTRO;AV ZACARIAS JUNIOR 100;;CENTRO;SE;3500;LAGARTO;49400-000;105;04.136.442/0002-00;27.184.977-0;;;VINICIUS
4234;2;SUPERMERCADO BOMBOM LTDA;SUP BOMBOM ESTANCIA CENTRO;RUA DA LIBERDADE 162;;CENTRO;SE;2106;ESTANCIA;49200-000;105;04.136.442/0001-10;27.101.934-4;;;VINICIUS
4234;3;SUPERMERCADO BOMBOM LTDA;SUPERMERCADO BOMBOM LTDA GRAGERU;AVENIDA DEP PEDRO VALADARES 780;;GRAGERU;SE;308;ARACAJU;49026-115;105;04.136.442/0003-82;27.228.488-2;;;VINICIUS
4236;1;COMERCIAL DE ALIMENTOS FLOR DA CHAPADA LTDA;COM DE ALIMENTOS FLOR DA CHAPADA;PC FLAVIO SILVANY 162;;CENTRO;BA;14703;ITABERABA;46880-000;105;03.451.160/0001-45;52.529.593;;;RICARDO
4237;1;VANDERSON CARMELITO ROCHA LTDA;ROCHA CARNES - ARACAJU;R MARIA VASCONCELOS DE ANDRADE 506;LOTE 116 QD 05 LOT RES AR;ARUANA;SE;308;ARACAJU;49000-626;105;16.918.263/0001-14;27.139.228-2;;;VINICIUS
4237;2;VANDERSON CARMELITO ROCHA LTDA;ROCHA CARNES - BARRA DOS COQUEIROS;AV GAL ANTONIO S. B. PIRRO 14;;CONJUNTO PRISCO VIANA;SE;605;BARRA DOS COQUEIROS;49140-000;105;16.918.263/0002-03;27.180.097-6;;;VINICIUS
4237;3;VANDERSON CARMELITO ROCHA LTDA;ROCHA CARNES - NOSSA SENHORA DO SOCORRO;AV A 58;;MARCOS FREIRE;SE;4805;NOSSA SENHORA DO SOCORRO;49160-000;105;16.918.263/0003-86;27.180.095-0;;;VINICIUS
4237;4;VANDERSON CARMELITO ROCHA LTDA;ROCHA CARNES - ARACAJU SANTOS DUMONT;R MAJ AURELIANO 123;;SANTOS DUMONT;SE;308;ARACAJU;49087-400;105;16.918.263/0004-67;27.185.559-2;;;VINICIUS
4245;1;CDP SUPERMERCADOS LTDA;CDP ARMACAO STIEP LOJA 14;AV PROFESSOR MANOEL RIBEIRO;LOJA TERREO;ARMACAO;BA;27408;SALVADOR;41750-160;105;43.941.941/0002-13;189.576.699;;;NIXON
4245;2;CDP SUPERMERCADOS LTDA;CDP SUPER CENTRO MATA LOJA 10;PC BARAO ACU DA TORRE 41;;CENTRO - SEDE;BA;21005;MATA DE SAO JOAO;48280-000;105;43.941.941/0006-47;195180153;;;NIXON
4245;3;CDP SUPERMERCADOS LTDA;CDP MATA PREMIUM LJ 01;RUA LUIZ ANTONIO GARCEZ S/N;;CENTRO - SEDE;BA;21005;MATA DE SAO JOAO;48280-000;105;43.941.941/0010-23;195718346;;;NIXON
4245;4;CDP SUPERMERCADOS LTDA;CDP ALAGOINHAS LOJA 11;AVENIDA 24 DE MAIO 17;;CENTRO;BA;702;ALAGOINHAS;48000-127;105;43.941.941/0007-28;195.180.488;;;NIXON
4245;5;CESTA DO POVO RODOVIARIA;CDP RODOVIARIA LOJA 17;AVENIDA ANTONIO CARLOS MAGALHAES 4362;;PERNAMBUES;BA;27408;SALVADOR;41110-700;105;43.941.941/0013-76;219.947.521;;;NIXON
4245;6;CDP SUPERMERCADOS LTDA;CDP MANOEL DIA D'AVILA LOJA 04;AVENIDA BRASIL 09;CENTRO;CENTRO;BA;10057;DIAS D'AVILA;42850-000;105;43.941.941/0008-09;195.180.261;;;NIXON
4245;7;SUPER CASTELO SUPERMERCADO LTDA;CDP CASTELO BRANCO LOJA 05;RUA VITORINO ALVES MOITINHO S/N;;CASTELO BRANCO;BA;27408;SALVADOR;41320-600;105;31.360.337/0001-33;151.428.991;;;NIXON
4245;8;CDP SUPERMERCADOS LTDA;CDP OGUNJA LOJA 08;AVENIDA GENERAL GRACA LESSA 000888;N 8888;ACUPE DE BROTAS;BA;27408;SALVADOR;40290-110;105;43.941.941/0004-85;192.339.665;;;NIXON
4245;9;CDP SUPERMERCADOS LTDA;CDP MARECHAL RONDON LOJA 13;RUA VICENTE CELESTINO 000009;;MARECHAL RONDON;BA;27408;SALVADOR;41280-000;105;43.941.941/0005-66;192.339.773;;;NIXON
4245;10;SUPER SAO CAETANO LTDA;CDP SAO CAETANO LOJA 15;ESTRADA DE CAMPINAS 0;;SAO CAETANO;BA;27408;SALVADOR;40391-160;105;38.109.000/0001-05;170.141.430;;;NIXON
4245;11;CDP SUPERMERCADOS LTDA;CDP SUPER MATA LOJA 02;RUA ARTUR TORRES 17;;CENTRO - SEDE;BA;21005;MATA DE SAO JOAO;48280-000;105;43.941.941/0009-90;195.180.350;;;NIXON
4245;12;CDP SUPERMERCADOS LTDA;CDP ESPLANADA;AVENIDA MARIO ANDREAZZA - 60 CENTRO, ESP;60 CENTRO;ESPALANADA;BA;10057;DIAS D'AVILA;48370-000;105;43.941.941/0019-61;222.072.348;;;NIXON
4245;13;CDP SUPERMERCADOS LTDA;CDP ENTRE RIOS CENTRO;PRACA BARAO DO RIO BRANCO;97, CENTRO;CENTRO;BA;10503;ENTRE RIOS;48180-000;105;43.941.941/0020-03;222.072.564;;;NIXON
4245;14;CDP SUPERMERCADOS LTDA;CDP GENARO DIAS DAVILA;AVENIDA GARCIA D AVILA - S/N, GENARO;S/N, GENARO;GENARO;BA;10057;DIAS D'AVILA;42850-000;105;43.941.941/0017-08;222.072.122;;;NIXON
4245;15;CDP SUPERMERCADOS LTDA;CDP CENTRO DIAS DAVILA;AVENIDA BRASIL- 164, CENTRO;164 CENTRO;DIAS DAVILA;BA;10057;DIAS D'AVILA;42850-000;105;43.941.941/0018-80;222.072.230;;;NIXON
4245;16;CDP SUPERMERCADOS LTDA;CDP CENTRO - SEDE;RUA SANTOS DUMONT S/N;;CENTRO - SEDE;BA;21005;MATA DE SAO JOAO;48280-000;105;43.941.941/0016-19;219.955.171;;;NIXON
4245;17;CDP SUPERMERCADOS LTDA;CESTA DO POVO BOCA DO RIO;RUA PROFESSOR PINTO DE AGUIAR 00592A;;BOCA DO RIO;BA;27408;SALVADOR;41710-000;105;43.941.941/0014-57;219.955.063;;;NIXON
4245;18;CDP SUPERMERCADOS LTDA;CESTA DO POVO;RUA DESEMBARGADOR PEDRO RIBEIRO 62;;CENTRO;BA;7509;CATU;48110-000;105;43.941.941/0003-02;189.576.707;;;NIXON
4245;19;CDP SUPERMERCADOS LTDA;CDP SUPERMERCADOS  7 PORTAS NOVO;R CONEGO PEREIRA SN;;MACAUBAS;BA;27408;SALVADOR;40301-155;105;43.941.941/0025-00;237.159.373;;;NIXON
4290;1;BONTEMPO SUPERMERCADO LTDA;BONTEMPO SUPERMERCADOS;R DOM TOMAS 80;;COHAB SAO FRANCISCO;PE;11101;PETROLINA;56309-020;105;00.889.627/0001-45;0216797-20;;;ANTONIO
4382;1;SUPERMERCADO CATU LTDA;CDP CATU LOJA 12;R DESEMBARGADOR PEDRO RIBEIRO 62;;CENTRO;BA;7509;CATU;48110-000;105;39.869.867/0001-13;173607144;;;NIXON
4469;1;COMERCIAL DE CARNES VALE DO SAO FRANCISCO LTDA;MULTI FRIOS PREMIUM;AV MIGUEL SILVA SOUZA;;PALMARES;BA;18407;JUAZEIRO;48901-765;105;02.423.862/0005-86;148.798.247;;;ANTONIO
4469;2;COMERCIAL DE CARNES VALE DO SAO FRANCISCO LTDA;MULTI FRIOS PREMIUM;AV DA INTEGRACAO AYRTON SENNA 782 A;;DOM MALAN;PE;11101;PETROLINA;56330-290;105;02.423.862/0004-03;0745146-60;;;ANTONIO
4561;1;LE DELIS DELICATESSEN LTDA;LE DELIS;AVENIDA LUIS VIANA FILHO 6312;EMPRESARIAL WALL STREET - LOJA 16 TERREO - PARALEL;PATAMARES;BA;27408;SALVADOR;41680-400;105;57.845.048/0001-18;223.833.973;;;NIXON
4575;1;MEL DISTRIBUIDORA LTDA;MEL DISTRIBUIDORA;RUA BOSCO SCAFFS 95;;INACIO BARBOSA;SE;308;ARACAJU;49041-060;105;50.911.223/0001-89;27.192.804-2;;;VINICIUS
4582;1;SUPERMERCADO JABOTIANA LTDA;HIPER CARNE JABOTIANA;RUA MAJ JOAO TELES 44;;JABOTIANA;SE;308;ARACAJU;49095-230;105;50.747.044/0001-58;27.192.235-4;;;VINICIUS
4582;2;SUPERMERCADO JABOTIANA LTDA;SUPERMERCADO ARUANA;RUA MARIA VASCONCELOS DE ANDRADE 536;;ARUANA;SE;308;ARACAJU;49000-626;105;50.747.044/0002-39;27.239.224-3;;;VINICIUS
4585;1;RF SUPERMERCADO BRASIL LTDA;CENTRO DE DISTRIBUICAO BRASIL;FAZENDA NOVILHAS SN;;ZONA RURAL;BA;6873;CAPIM GROSSO;44695-000;105;09.081.924/0005-68;119.996.032;;;ANTONIO
4586;1;KI DISTRIBUIDORA LTDA;KI DISTRIBUIDORA E ATACADO;RODOVIA JUSCELINO KUBITSCHEK S/N;;ZONA RURAL;SE;4508;NOSSA SENHORA DA GLORIA;49680-000;105;43.506.193/0001-60;27.179.394-5;;;VINICIUS
4607;1;MABENI DELICATESSEN LTDA;MABENI ARACAJU;RUA MANOEL MESSIAS MELO 676;;ARUANA;SE;308;ARACAJU;49000-179;105;57.924.925/0001-46;27.221.763-8;;;VINICIUS
4640;1;EKO EXPRESS MINIMERCADO LTDA;EKO EXPRESS MINIMERCADO LTDA;AVENIDA PRES TANCREDO NEVES 670;;JARDINS;SE;308;ARACAJU;49025-620;105;61.851.780/0001-78;27.236.176-3;;;VINICIUS
4673;1;ACM DISTRIBUIDORA DE ALIMENTOS LTDA;PAJEU MONSENHOR ANGELO;AVENIDA MONSENHOR ANGELO SAMPAIO 432;;VILA EDUARDO;PE;11101;PETROLINA;56328-000;105;44.846.016/0002-76;1151224-51;;;ANTONIO
5079;1;JNS COMERCIO DE PRODUTOS ALIMENTICIOS LTDA;MERCADINHO ECONOMICO;AVENIDA DA INTEGRACAO AYRTON SENNA 484;;DOM MALAN;PE;11101;PETROLINA;56328-010;105;24.333.585/0001-20;14687747;;;ANTONIO
5079;2;JNS COMERCIO DE PRODUTOS ALIMENTICIOS LTDA;MERCADINHO ECONOMICO  CENTRO;TRAVESSA DA MARAVILHA 836;;CENTRO;BA;18407;JUAZEIRO;48901-774;105;24.333.585/0002-00;86616292;;;ANTONIO
5080;1;JN COMERCIO DE PRODUTOS ALIMENTICIOS LTDA;MERCADINHO ECONOMICO  QUATI;AVENIDA DOIS 166;;JARDIM SAO PAULO;PE;11101;PETROLINA;56314-440;105;06.077.025/0001-70;30926904;;;ANTONIO
5085;1;DISTRIBUIDORA DE ALIMENTOS NORTE LTDA;CDP CD MONTE LIBANO;RODOVIA BA 093, DISTRITO INDUSTRIAL SN;;MONTE LIBANO;BA;21005;MATA DE SAO JOAO;48280-000;105;07.803.111/0001-85;68.114.699;;;NIXON
5095;1;SUPERMERCADO JHONES LTDA;SUPERMERCADO JHONES;AVENIDA MEDEIROS NETO 258;Nº 258 TERREO;CENTRO;BA;14703;ITABERABA;46880-000;105;04.462.862/0001-97;55417080;;;RICARDO
5116;1;COMERCIAL DE ALIMENTOS GILMAR LTDA;TOTAL ATACADO;AVENIDA LUIZ TARQUINIO PONTES 827;;CENTRO;BA;19207;LAURO DE FREITAS;42702-420;105;05.466.724/0003-00;157.994.708;;;NIXON
6006;1;JUNIOR E OLIVEIRA LTDA;ARMAZEM CECILIO MOTA;RUA J J SEABRA 126;ESTACAO-JACOBINA;ESTACAO;BA;17508;JACOBINA;44700-000;105;09.506.050/0002-09;128.165.674;;;ANTONIO
6007;1;CARAVELAS COMERCIAL DE ALIMENTOS LTDA;CARAVELAS COMERCIAL DE ALIMENTOS LTDA;RUA MARECHAL DEODORO 240;;CENTRO;BA;10800;FEIRA DE SANTANA;44002-064;105;00.291.853/0001-20;29.207.325;;;RICARDO
6020;1;J MASCARENHAS ASSIS LTDA;SUPERMERCADO JL;RUA MANOEL FLORENCIO 434;;SAO JOAO;BA;14703;ITABERABA;46880-000;105;05.743.186/0001-92;59.899.578;;;RICARDO
6041;1;ROSELLY FERREIRA SALES DA SILVA LTDA;ROSELLY FERREIRA SALES DA SILVA LTDA;RUA JUVENCIO ERUDILHO SN;;CENTRO;BA;27408;SALVADOR;44002-528;105;12.138.732/0003-93;203.518.975;;;VINICIUS
6049;1;MULTICOM ATACADO E VAREJO S/A;ECONOMART FEIRA DE SANTANA;RUA PASSO ALEGRE S/N;;LAGOA SALGADA;BA;10800;FEIRA DE SANTANA;44082-150;105;28.548.486/0024-02;217.398.226;;;NIXON
6049;2;MULTICOM ATACADO E VAREJO S/A;ECONOMART VITORIA DA CONQUISTA;AVENIDA BRUMADO 2295;;BATEIAS;BA;33307;VITORIA DA CONQUISTA;45052-000;105;28.548.486/0014-30;194.507.387;;;NIXON
6049;3;MULTICOM ATACADO E VAREJO S/A;ECONOMART JEQUIE;AVENIDA GOVERNADOR LOMANTO JUNIOR 1981;;JOAQUIM ROMAO;BA;18001;JEQUIE;45200-565;105;28.548.486/0021-60;208.394.013;;;NIXON
6049;4;MULTICOM ATACADO E VAREJO S/A;ECONOMART LUIS EDUARDO;AVENIDA ARNALDO HORACIO FERREIRA 228;;BOA VISTA;BA;19553;LUIS EDUARDO MAGALHAES;47853-054;105;28.548.486/0023-21;217.312.158;;;NIXON
6049;5;MULTICOM ATACADO E VAREJO S/A;ECONOMART BARREIRAS;AVENIDA AHYLON MACEDO 745;;MORADA NOBRE;BA;3201;BARREIRAS;47810-035;105;28.548.486/0027-55;225.786.505;;;NIXON
6049;6;MULTICOM ATACADO E VAREJO S/A;ECONOMART SANTO ANTONIO;AVENIDA COSME E DAMIAO 555;;ANDAIA;BA;28703;SANTO ANTONIO DE JESUS;44434-040;105;28.548.486/0029-17;229.648.036;;;NIXON
6049;7;MULTICOM ATACADO E VAREJO S/A;ECONOMART  ITABUNA;AVENIDA IBICARAI S/N;;NOVA ITABUNA;BA;14802;ITABUNA;45611-000;105;28.548.486/0030-50;232.811.210;;;NIXON
6123;1;EXITO SUPERMERCADO LTDA;EXITO SUPERMERCADO;RUA DR  LAUDELINO FREIRE 390;;CENTRO;SE;3500;LAGARTO;49400-000;105;34.811.344/0001-00;27188389-8;;;NIXON
OV067M;1;ATAKAREJO DISTRIBUIDOR DE ALIMENTOS E BEBIDAS S.A;ATAKAREJO NOSSA SENHORA;RUA FRANCISCO VIEIRA DOS SANTOS 86;;JOVIANO BARBOSA;SE;4458;NOSSA SENHORA APARECIDA;49680-000;105;73.849.952/0051-17;27.223.761-2;;;RICARDO
